FeedbackId,RequestId,DateKey,Rating,FeedbackCategory,Sentiment,FeedbackDateTime
FB000001,REQ003004,20250918,5,Staff Support,Positive,2025-09-18 17:57
FB000002,REQ009845,20250811,4,Outcome,Positive,2025-08-11 17:50
FB000003,REQ008609,20260322,3,Staff Support,Neutral,2026-03-22 19:47
FB000004,REQ002212,20260126,5,Outcome,Positive,2026-01-26 16:34
FB000005,REQ000612,20250815,4,Staff Support,Positive,2025-08-15 20:04
FB000006,REQ003549,20260225,3,Clarity,Neutral,2026-02-25 04:15
FB000007,REQ001178,20250808,2,Usability,Negative,2025-08-08 02:00
FB000008,REQ009883,20260427,4,Staff Support,Positive,2026-04-27 14:35
FB000009,REQ003426,20260118,5,Wait Time,Positive,2026-01-18 00:02
FB000010,REQ003178,20250713,2,Wait Time,Negative,2025-07-13 16:07
FB000011,REQ003337,20260413,3,Staff Support,Neutral,2026-04-13 00:22
FB000012,REQ008663,20250727,4,Staff Support,Positive,2025-07-27 10:43
FB000013,REQ009122,20251113,4,Staff Support,Positive,2025-11-13 10:43
FB000014,REQ007551,20260104,5,Staff Support,Positive,2026-01-04 13:36
FB000015,REQ001666,20260401,5,Staff Support,Positive,2026-04-01 17:24
FB000016,REQ002298,20250709,3,Clarity,Neutral,2025-07-09 20:39
FB000017,REQ001141,20250723,5,Wait Time,Positive,2025-07-23 16:53
FB000018,REQ004858,20260419,4,Clarity,Positive,2026-04-19 13:38
FB000019,REQ001779,20251122,4,Usability,Positive,2025-11-22 09:54
FB000020,REQ004289,20260321,3,Outcome,Neutral,2026-03-21 05:59
FB000021,REQ009093,20260210,3,Clarity,Neutral,2026-02-10 22:35
FB000022,REQ006711,20260117,5,Outcome,Positive,2026-01-17 02:50
FB000023,REQ004123,20260324,4,Clarity,Positive,2026-03-24 15:22
FB000024,REQ002784,20250614,5,Outcome,Positive,2025-06-14 11:55
FB000025,REQ002123,20251211,5,Wait Time,Positive,2025-12-11 08:37
FB000026,REQ007274,20250619,4,Outcome,Positive,2025-06-19 06:01
FB000027,REQ000838,20260301,1,Staff Support,Negative,2026-03-01 15:34
FB000028,REQ005890,20250609,3,Wait Time,Neutral,2025-06-09 00:05
FB000029,REQ001722,20260124,5,Wait Time,Positive,2026-01-24 05:21
FB000030,REQ000703,20260514,4,Wait Time,Positive,2026-05-14 04:33
FB000031,REQ000551,20251031,5,Staff Support,Positive,2025-10-31 16:30
FB000032,REQ003051,20251121,5,Wait Time,Positive,2025-11-21 02:24
FB000033,REQ004005,20250816,4,Staff Support,Positive,2025-08-16 21:27
FB000034,REQ007454,20251031,3,Usability,Neutral,2025-10-31 11:38
FB000035,REQ004284,20251022,2,Wait Time,Negative,2025-10-22 14:39
FB000036,REQ006631,20251008,3,Wait Time,Neutral,2025-10-08 21:21
FB000037,REQ008191,20250629,4,Outcome,Positive,2025-06-29 08:03
FB000038,REQ004550,20260228,4,Staff Support,Positive,2026-02-28 14:22
FB000039,REQ009727,20251216,3,Outcome,Neutral,2025-12-16 23:39
FB000040,REQ002115,20250809,3,Wait Time,Neutral,2025-08-09 17:06
FB000041,REQ003680,20260519,2,Wait Time,Negative,2026-05-19 01:24
FB000042,REQ009071,20260228,4,Wait Time,Positive,2026-02-28 19:32
FB000043,REQ004959,20260401,3,Clarity,Neutral,2026-04-01 10:33
FB000044,REQ002167,20250805,4,Clarity,Positive,2025-08-05 01:15
FB000045,REQ004429,20250921,4,Usability,Positive,2025-09-21 13:18
FB000046,REQ002761,20251121,4,Wait Time,Positive,2025-11-21 08:53
FB000047,REQ005456,20250928,5,Staff Support,Positive,2025-09-28 15:34
FB000048,REQ007583,20260323,4,Clarity,Positive,2026-03-23 08:22
FB000049,REQ008749,20251020,4,Usability,Positive,2025-10-20 12:57
FB000050,REQ005471,20250629,4,Usability,Positive,2025-06-29 16:20
FB000051,REQ009400,20250728,5,Wait Time,Positive,2025-07-28 02:53
FB000052,REQ008411,20260428,5,Staff Support,Positive,2026-04-28 08:21
FB000053,REQ000348,20250911,3,Outcome,Neutral,2025-09-11 21:58
FB000054,REQ008948,20251216,4,Clarity,Positive,2025-12-16 12:45
FB000055,REQ005159,20250616,4,Wait Time,Positive,2025-06-16 16:23
FB000056,REQ007507,20260316,3,Wait Time,Neutral,2026-03-16 10:41
FB000057,REQ002353,20260529,1,Wait Time,Negative,2026-05-29 16:43
FB000058,REQ000495,20260511,4,Wait Time,Positive,2026-05-11 02:26
FB000059,REQ002783,20251022,4,Outcome,Positive,2025-10-22 06:07
FB000060,REQ007675,20260529,3,Wait Time,Neutral,2026-05-29 22:49
FB000061,REQ008019,20250816,5,Wait Time,Positive,2025-08-16 03:26
FB000062,REQ006495,20260301,3,Staff Support,Neutral,2026-03-01 06:13
FB000063,REQ007672,20260125,4,Usability,Positive,2026-01-25 13:57
FB000064,REQ004325,20260410,5,Clarity,Positive,2026-04-10 18:02
FB000065,REQ004628,20260318,4,Staff Support,Positive,2026-03-18 08:35
FB000066,REQ003498,20260106,5,Usability,Positive,2026-01-06 20:09
FB000067,REQ001741,20250716,4,Wait Time,Positive,2025-07-16 18:53
FB000068,REQ003284,20250911,4,Outcome,Positive,2025-09-11 22:49
FB000069,REQ008723,20260130,3,Outcome,Neutral,2026-01-30 15:53
FB000070,REQ005598,20250617,5,Wait Time,Positive,2025-06-17 09:11
FB000071,REQ006619,20260216,4,Clarity,Positive,2026-02-16 00:00
FB000072,REQ005460,20250625,3,Wait Time,Neutral,2025-06-25 21:57
FB000073,REQ000840,20260318,2,Clarity,Negative,2026-03-18 15:22
FB000074,REQ002112,20250912,4,Wait Time,Positive,2025-09-12 08:48
FB000075,REQ007029,20251125,4,Usability,Positive,2025-11-25 01:28
FB000076,REQ000374,20251231,2,Wait Time,Negative,2025-12-31 15:36
FB000077,REQ004296,20251130,4,Wait Time,Positive,2025-11-30 03:44
FB000078,REQ007360,20250713,5,Usability,Positive,2025-07-13 10:18
FB000079,REQ002442,20251010,4,Clarity,Positive,2025-10-10 14:00
FB000080,REQ003189,20251115,1,Outcome,Negative,2025-11-15 05:46
FB000081,REQ005693,20260530,3,Usability,Neutral,2026-05-30 14:05
FB000082,REQ004212,20250708,2,Staff Support,Negative,2025-07-08 16:20
FB000083,REQ002482,20250813,5,Staff Support,Positive,2025-08-13 05:23
FB000084,REQ003709,20260523,3,Outcome,Neutral,2026-05-23 07:12
FB000085,REQ008008,20250817,4,Outcome,Positive,2025-08-17 08:37
FB000086,REQ003221,20251227,2,Staff Support,Negative,2025-12-27 18:33
FB000087,REQ004048,20251003,5,Usability,Positive,2025-10-03 12:44
FB000088,REQ005322,20260211,3,Clarity,Neutral,2026-02-11 06:02
FB000089,REQ000812,20250724,5,Wait Time,Positive,2025-07-24 02:18
FB000090,REQ007157,20260507,4,Clarity,Positive,2026-05-07 22:34
FB000091,REQ007958,20250919,4,Wait Time,Positive,2025-09-19 15:40
FB000092,REQ001895,20260409,3,Staff Support,Neutral,2026-04-09 23:35
FB000093,REQ007877,20260411,4,Staff Support,Positive,2026-04-11 11:54
FB000094,REQ000118,20250822,5,Wait Time,Positive,2025-08-22 08:17
FB000095,REQ002600,20260421,3,Wait Time,Neutral,2026-04-21 13:08
FB000096,REQ000216,20260113,5,Staff Support,Positive,2026-01-13 17:09
FB000097,REQ009815,20260528,4,Clarity,Positive,2026-05-28 23:05
FB000098,REQ008590,20260103,4,Outcome,Positive,2026-01-03 09:43
FB000099,REQ009787,20250616,3,Wait Time,Neutral,2025-06-16 19:51
FB000100,REQ006427,20260529,4,Wait Time,Positive,2026-05-29 04:49
FB000101,REQ006138,20251004,5,Wait Time,Positive,2025-10-04 00:47
FB000102,REQ001356,20250914,5,Wait Time,Positive,2025-09-14 12:45
FB000103,REQ002031,20251103,4,Outcome,Positive,2025-11-03 10:27
FB000104,REQ007766,20251013,3,Usability,Neutral,2025-10-13 00:28
FB000105,REQ007637,20250925,2,Staff Support,Negative,2025-09-25 15:38
FB000106,REQ009873,20260501,4,Staff Support,Positive,2026-05-01 13:33
FB000107,REQ009684,20250708,4,Clarity,Positive,2025-07-08 16:04
FB000108,REQ006237,20251211,3,Outcome,Neutral,2025-12-11 20:23
FB000109,REQ003302,20250724,5,Wait Time,Positive,2025-07-24 12:45
FB000110,REQ009049,20260403,4,Staff Support,Positive,2026-04-03 21:30
FB000111,REQ008643,20250914,4,Outcome,Positive,2025-09-14 13:11
FB000112,REQ005071,20260125,5,Wait Time,Positive,2026-01-25 03:15
FB000113,REQ005462,20260308,2,Outcome,Negative,2026-03-08 04:17
FB000114,REQ003873,20260512,3,Usability,Neutral,2026-05-12 21:48
FB000115,REQ004942,20251205,4,Clarity,Positive,2025-12-05 04:31
FB000116,REQ000165,20251016,1,Staff Support,Negative,2025-10-16 04:49
FB000117,REQ007936,20260315,4,Clarity,Positive,2026-03-15 23:47
FB000118,REQ006913,20260226,3,Wait Time,Neutral,2026-02-26 13:30
FB000119,REQ000653,20251031,4,Wait Time,Positive,2025-10-31 05:01
FB000120,REQ007253,20250903,3,Wait Time,Neutral,2025-09-03 12:42
FB000121,REQ002492,20260513,2,Usability,Negative,2026-05-13 22:37
FB000122,REQ007740,20250908,4,Staff Support,Positive,2025-09-08 17:58
FB000123,REQ002184,20260312,5,Staff Support,Positive,2026-03-12 16:20
FB000124,REQ004571,20250729,3,Wait Time,Neutral,2025-07-29 22:56
FB000125,REQ002566,20251214,5,Wait Time,Positive,2025-12-14 22:38
FB000126,REQ000408,20250831,5,Staff Support,Positive,2025-08-31 13:17
FB000127,REQ008460,20250916,4,Staff Support,Positive,2025-09-16 22:17
FB000128,REQ001397,20251117,1,Usability,Negative,2025-11-17 18:52
FB000129,REQ003870,20250804,5,Usability,Positive,2025-08-04 14:05
FB000130,REQ004319,20250907,2,Clarity,Negative,2025-09-07 11:23
FB000131,REQ007383,20250911,4,Clarity,Positive,2025-09-11 04:43
FB000132,REQ003000,20251104,3,Wait Time,Neutral,2025-11-04 06:09
FB000133,REQ005372,20251210,4,Clarity,Positive,2025-12-10 01:27
FB000134,REQ005357,20260404,3,Staff Support,Neutral,2026-04-04 11:37
FB000135,REQ001080,20250705,3,Outcome,Neutral,2025-07-05 13:36
FB000136,REQ001453,20250930,4,Usability,Positive,2025-09-30 06:47
FB000137,REQ007707,20260502,4,Staff Support,Positive,2026-05-02 21:54
FB000138,REQ000921,20251226,4,Outcome,Positive,2025-12-26 18:02
FB000139,REQ005037,20250621,4,Outcome,Positive,2025-06-21 00:27
FB000140,REQ008086,20260428,3,Wait Time,Neutral,2026-04-28 08:22
FB000141,REQ007104,20250912,4,Outcome,Positive,2025-09-12 23:13
FB000142,REQ002677,20260502,4,Wait Time,Positive,2026-05-02 03:33
FB000143,REQ006434,20251223,4,Staff Support,Positive,2025-12-23 16:20
FB000144,REQ000009,20260531,2,Wait Time,Negative,2026-05-31 17:28
FB000145,REQ005853,20250611,5,Usability,Positive,2025-06-11 20:33
FB000146,REQ008102,20250724,4,Clarity,Positive,2025-07-24 19:46
FB000147,REQ000777,20251127,3,Usability,Neutral,2025-11-27 10:41
FB000148,REQ002847,20250827,3,Wait Time,Neutral,2025-08-27 21:30
FB000149,REQ003968,20260204,3,Wait Time,Neutral,2026-02-04 03:30
FB000150,REQ000676,20250810,4,Wait Time,Positive,2025-08-10 14:01
FB000151,REQ004986,20250719,5,Usability,Positive,2025-07-19 15:59
FB000152,REQ002609,20251116,3,Wait Time,Neutral,2025-11-16 16:55
FB000153,REQ001982,20260422,1,Clarity,Negative,2026-04-22 17:05
FB000154,REQ004159,20250905,4,Usability,Positive,2025-09-05 06:24
FB000155,REQ006581,20250713,3,Clarity,Neutral,2025-07-13 02:35
FB000156,REQ003774,20260225,5,Clarity,Positive,2026-02-25 02:53
FB000157,REQ008437,20250830,4,Clarity,Positive,2025-08-30 19:45
FB000158,REQ004409,20260514,3,Wait Time,Neutral,2026-05-14 03:47
FB000159,REQ006938,20260428,4,Staff Support,Positive,2026-04-28 16:25
FB000160,REQ003118,20260526,3,Wait Time,Neutral,2026-05-26 22:14
FB000161,REQ002447,20260505,3,Outcome,Neutral,2026-05-05 14:46
FB000162,REQ005550,20251027,3,Usability,Neutral,2025-10-27 23:22
FB000163,REQ000706,20250913,3,Outcome,Neutral,2025-09-13 18:00
FB000164,REQ004595,20251026,4,Staff Support,Positive,2025-10-26 23:01
FB000165,REQ007695,20251217,4,Wait Time,Positive,2025-12-17 22:35
FB000166,REQ009299,20260228,4,Wait Time,Positive,2026-02-28 18:53
FB000167,REQ009453,20260129,4,Wait Time,Positive,2026-01-29 01:08
FB000168,REQ008435,20250703,4,Staff Support,Positive,2025-07-03 05:54
FB000169,REQ007561,20250909,1,Usability,Negative,2025-09-09 01:03
FB000170,REQ008525,20260506,3,Outcome,Neutral,2026-05-06 23:19
FB000171,REQ004468,20250928,4,Outcome,Positive,2025-09-28 01:59
FB000172,REQ008396,20260112,3,Staff Support,Neutral,2026-01-12 00:08
FB000173,REQ005189,20250714,5,Outcome,Positive,2025-07-14 23:43
FB000174,REQ006357,20260303,5,Outcome,Positive,2026-03-03 17:46
FB000175,REQ003609,20260113,4,Wait Time,Positive,2026-01-13 23:19
FB000176,REQ008113,20250616,4,Clarity,Positive,2025-06-16 23:29
FB000177,REQ000545,20250719,4,Wait Time,Positive,2025-07-19 03:38
FB000178,REQ004539,20260423,4,Staff Support,Positive,2026-04-23 23:27
FB000179,REQ001797,20260510,3,Wait Time,Neutral,2026-05-10 20:01
FB000180,REQ002249,20251106,4,Staff Support,Positive,2025-11-06 14:37
FB000181,REQ004851,20260227,4,Usability,Positive,2026-02-27 21:07
FB000182,REQ002549,20260227,3,Outcome,Neutral,2026-02-27 09:52
FB000183,REQ006094,20251212,5,Clarity,Positive,2025-12-12 21:06
FB000184,REQ008034,20250809,3,Usability,Neutral,2025-08-09 06:17
FB000185,REQ007619,20260516,4,Wait Time,Positive,2026-05-16 16:11
FB000186,REQ002284,20260327,4,Staff Support,Positive,2026-03-27 13:41
FB000187,REQ006729,20260326,3,Wait Time,Neutral,2026-03-26 23:19
FB000188,REQ000241,20260123,4,Staff Support,Positive,2026-01-23 19:51
FB000189,REQ003691,20251017,3,Outcome,Neutral,2025-10-17 06:42
FB000190,REQ006904,20260113,5,Wait Time,Positive,2026-01-13 03:50
FB000191,REQ002087,20260516,5,Usability,Positive,2026-05-16 08:59
FB000192,REQ004889,20260204,2,Usability,Negative,2026-02-04 22:38
FB000193,REQ002370,20250807,4,Wait Time,Positive,2025-08-07 18:50
FB000194,REQ008890,20260530,1,Outcome,Negative,2026-05-30 06:27
FB000195,REQ000576,20251223,2,Wait Time,Negative,2025-12-23 06:43
FB000196,REQ008562,20251022,4,Outcome,Positive,2025-10-22 21:56
FB000197,REQ003933,20260330,5,Usability,Positive,2026-03-30 21:39
FB000198,REQ001985,20250802,4,Outcome,Positive,2025-08-02 03:17
FB000199,REQ000308,20250709,3,Staff Support,Neutral,2025-07-09 01:04
FB000200,REQ008300,20250924,4,Outcome,Positive,2025-09-24 00:11
FB000201,REQ008011,20260205,5,Wait Time,Positive,2026-02-05 02:02
FB000202,REQ001649,20260129,5,Outcome,Positive,2026-01-29 05:39
FB000203,REQ002467,20250811,5,Clarity,Positive,2025-08-11 06:55
FB000204,REQ007106,20251226,5,Staff Support,Positive,2025-12-26 19:05
FB000205,REQ001509,20260302,5,Clarity,Positive,2026-03-02 07:39
FB000206,REQ003888,20250621,1,Clarity,Negative,2025-06-21 16:53
FB000207,REQ006736,20260208,4,Staff Support,Positive,2026-02-08 05:52
FB000208,REQ001573,20250812,3,Wait Time,Neutral,2025-08-12 14:45
FB000209,REQ009780,20250917,1,Staff Support,Negative,2025-09-17 21:48
FB000210,REQ005191,20260205,5,Usability,Positive,2026-02-05 16:03
FB000211,REQ006509,20251005,3,Wait Time,Neutral,2025-10-05 18:42
FB000212,REQ005962,20250824,4,Outcome,Positive,2025-08-24 20:39
FB000213,REQ001755,20251104,5,Clarity,Positive,2025-11-04 17:08
FB000214,REQ004697,20260521,4,Staff Support,Positive,2026-05-21 16:49
FB000215,REQ007911,20260228,3,Wait Time,Neutral,2026-02-28 22:15
FB000216,REQ003081,20251020,1,Wait Time,Negative,2025-10-20 06:46
FB000217,REQ001376,20260509,3,Wait Time,Neutral,2026-05-09 13:26
FB000218,REQ008738,20260130,3,Wait Time,Neutral,2026-01-30 07:00
FB000219,REQ009149,20251207,2,Staff Support,Negative,2025-12-07 22:06
FB000220,REQ005168,20260318,3,Wait Time,Neutral,2026-03-18 15:30
FB000221,REQ004266,20251222,3,Staff Support,Neutral,2025-12-22 10:32
FB000222,REQ004895,20251010,3,Outcome,Neutral,2025-10-10 23:13
FB000223,REQ005509,20250916,5,Clarity,Positive,2025-09-16 18:12
FB000224,REQ004424,20260128,5,Wait Time,Positive,2026-01-28 06:12
FB000225,REQ001039,20251119,3,Wait Time,Neutral,2025-11-19 11:04
FB000226,REQ008005,20260515,3,Clarity,Neutral,2026-05-15 02:50
FB000227,REQ006022,20250711,3,Clarity,Neutral,2025-07-11 23:53
FB000228,REQ007062,20250629,3,Clarity,Neutral,2025-06-29 08:24
FB000229,REQ009750,20251017,3,Outcome,Neutral,2025-10-17 00:32
FB000230,REQ000999,20250911,4,Usability,Positive,2025-09-11 06:54
FB000231,REQ000511,20250811,5,Staff Support,Positive,2025-08-11 08:10
FB000232,REQ000453,20260101,2,Staff Support,Negative,2026-01-01 03:12
FB000233,REQ003009,20260414,4,Clarity,Positive,2026-04-14 16:50
FB000234,REQ005305,20250820,5,Usability,Positive,2025-08-20 12:29
FB000235,REQ009208,20251109,3,Outcome,Neutral,2025-11-09 17:32
FB000236,REQ003241,20251115,5,Outcome,Positive,2025-11-15 18:40
FB000237,REQ006663,20260306,4,Clarity,Positive,2026-03-06 00:47
FB000238,REQ006194,20260523,5,Staff Support,Positive,2026-05-23 15:22
FB000239,REQ000390,20260412,4,Usability,Positive,2026-04-12 16:46
FB000240,REQ008954,20260321,5,Wait Time,Positive,2026-03-21 13:12
FB000241,REQ005056,20251202,4,Usability,Positive,2025-12-02 10:46
FB000242,REQ006540,20250819,4,Wait Time,Positive,2025-08-19 17:32
FB000243,REQ005564,20260513,4,Staff Support,Positive,2026-05-13 11:50
FB000244,REQ002507,20250610,3,Staff Support,Neutral,2025-06-10 13:52
FB000245,REQ002187,20251201,2,Staff Support,Negative,2025-12-01 12:17
FB000246,REQ001233,20251204,4,Clarity,Positive,2025-12-04 23:32
FB000247,REQ004826,20250705,4,Outcome,Positive,2025-07-05 09:16
FB000248,REQ003515,20251118,4,Usability,Positive,2025-11-18 10:06
FB000249,REQ000071,20250909,5,Staff Support,Positive,2025-09-09 01:12
FB000250,REQ007840,20251112,2,Usability,Negative,2025-11-12 08:44
FB000251,REQ004646,20260118,3,Outcome,Neutral,2026-01-18 13:38
FB000252,REQ000087,20260525,4,Clarity,Positive,2026-05-25 22:55
FB000253,REQ003632,20260208,4,Staff Support,Positive,2026-02-08 03:56
FB000254,REQ008272,20260211,2,Clarity,Negative,2026-02-11 12:56
FB000255,REQ002012,20250909,2,Clarity,Negative,2025-09-09 10:33
FB000256,REQ001066,20250916,4,Wait Time,Positive,2025-09-16 05:06
FB000257,REQ001478,20250719,5,Staff Support,Positive,2025-07-19 22:47
FB000258,REQ006082,20260129,4,Staff Support,Positive,2026-01-29 16:59
FB000259,REQ000579,20251216,4,Wait Time,Positive,2025-12-16 20:57
FB000260,REQ009837,20251108,2,Clarity,Negative,2025-11-08 05:58
FB000261,REQ000884,20251016,3,Outcome,Neutral,2025-10-16 11:24
FB000262,REQ009619,20260411,4,Usability,Positive,2026-04-11 12:30
FB000263,REQ009247,20260402,4,Outcome,Positive,2026-04-02 05:01
FB000264,REQ009418,20251230,5,Wait Time,Positive,2025-12-30 20:49
FB000265,REQ009930,20250810,2,Usability,Negative,2025-08-10 20:25
FB000266,REQ008671,20251106,4,Outcome,Positive,2025-11-06 13:26
FB000267,REQ007223,20260414,5,Clarity,Positive,2026-04-14 01:23
FB000268,REQ001584,20250831,4,Outcome,Positive,2025-08-31 08:33
FB000269,REQ004356,20260522,5,Staff Support,Positive,2026-05-22 13:54
FB000270,REQ000795,20250619,4,Outcome,Positive,2025-06-19 16:00
FB000271,REQ009078,20260503,2,Outcome,Negative,2026-05-03 15:31
FB000272,REQ002741,20260514,2,Wait Time,Negative,2026-05-14 17:52
FB000273,REQ002881,20251201,3,Clarity,Neutral,2025-12-01 04:17
FB000274,REQ004280,20260531,3,Outcome,Neutral,2026-05-31 17:51
FB000275,REQ002248,20260311,5,Staff Support,Positive,2026-03-11 04:52
FB000276,REQ005875,20260417,2,Wait Time,Negative,2026-04-17 23:44
FB000277,REQ000624,20251130,1,Clarity,Negative,2025-11-30 06:59
FB000278,REQ004255,20260329,3,Clarity,Neutral,2026-03-29 07:45
FB000279,REQ008528,20260515,5,Usability,Positive,2026-05-15 20:43
FB000280,REQ002011,20250918,3,Usability,Neutral,2025-09-18 22:36
FB000281,REQ009764,20260124,4,Wait Time,Positive,2026-01-24 20:43
FB000282,REQ004991,20251226,4,Wait Time,Positive,2025-12-26 05:25
FB000283,REQ006076,20251220,5,Clarity,Positive,2025-12-20 05:20
FB000284,REQ002769,20250713,2,Staff Support,Negative,2025-07-13 20:20
FB000285,REQ004000,20250913,4,Clarity,Positive,2025-09-13 15:37
FB000286,REQ000152,20260414,2,Staff Support,Negative,2026-04-14 06:53
FB000287,REQ009202,20251024,5,Wait Time,Positive,2025-10-24 11:05
FB000288,REQ009157,20250905,5,Wait Time,Positive,2025-09-05 04:14
FB000289,REQ001676,20260507,4,Wait Time,Positive,2026-05-07 16:09
FB000290,REQ003764,20250815,5,Usability,Positive,2025-08-15 00:30
FB000291,REQ008159,20260315,5,Wait Time,Positive,2026-03-15 02:43
FB000292,REQ003565,20250708,3,Clarity,Neutral,2025-07-08 04:51
FB000293,REQ001651,20260324,4,Wait Time,Positive,2026-03-24 10:02
FB000294,REQ008851,20251030,4,Wait Time,Positive,2025-10-30 23:36
FB000295,REQ009404,20251209,4,Usability,Positive,2025-12-09 03:10
FB000296,REQ008152,20250808,5,Wait Time,Positive,2025-08-08 21:21
FB000297,REQ003325,20260519,4,Usability,Positive,2026-05-19 19:57
FB000298,REQ000321,20260524,4,Staff Support,Positive,2026-05-24 08:33
FB000299,REQ000645,20251123,5,Wait Time,Positive,2025-11-23 21:59
FB000300,REQ004397,20250712,4,Wait Time,Positive,2025-07-12 18:39
FB000301,REQ008185,20251215,2,Usability,Negative,2025-12-15 02:13
FB000302,REQ005599,20251101,1,Staff Support,Negative,2025-11-01 16:46
FB000303,REQ003941,20251205,3,Outcome,Neutral,2025-12-05 18:44
FB000304,REQ009121,20250622,4,Usability,Positive,2025-06-22 23:06
FB000305,REQ009574,20251009,2,Clarity,Negative,2025-10-09 03:20
FB000306,REQ005687,20260330,4,Clarity,Positive,2026-03-30 19:50
FB000307,REQ009561,20251220,3,Clarity,Neutral,2025-12-20 20:02
FB000308,REQ001117,20250707,4,Usability,Positive,2025-07-07 09:47
FB000309,REQ000301,20251022,3,Outcome,Neutral,2025-10-22 01:31
FB000310,REQ004335,20250825,4,Clarity,Positive,2025-08-25 15:54
FB000311,REQ000825,20251017,3,Staff Support,Neutral,2025-10-17 13:07
FB000312,REQ003117,20260109,4,Clarity,Positive,2026-01-09 21:33
FB000313,REQ009477,20250912,4,Usability,Positive,2025-09-12 11:12
FB000314,REQ000710,20251206,2,Outcome,Negative,2025-12-06 18:08
FB000315,REQ003955,20250704,4,Wait Time,Positive,2025-07-04 11:20
FB000316,REQ009564,20260223,4,Staff Support,Positive,2026-02-23 08:24
FB000317,REQ002684,20260421,4,Staff Support,Positive,2026-04-21 01:06
FB000318,REQ000377,20260415,4,Clarity,Positive,2026-04-15 19:16
FB000319,REQ005807,20251007,4,Clarity,Positive,2025-10-07 18:21
FB000320,REQ003786,20250705,1,Wait Time,Negative,2025-07-05 23:43
FB000321,REQ009528,20250710,5,Usability,Positive,2025-07-10 06:28
FB000322,REQ001487,20260113,5,Staff Support,Positive,2026-01-13 23:42
FB000323,REQ007064,20251229,4,Staff Support,Positive,2025-12-29 21:44
FB000324,REQ003326,20260411,1,Usability,Negative,2026-04-11 19:26
FB000325,REQ005983,20260319,3,Outcome,Neutral,2026-03-19 11:29
FB000326,REQ001134,20260324,4,Staff Support,Positive,2026-03-24 17:20
FB000327,REQ001277,20251110,4,Wait Time,Positive,2025-11-10 13:34
FB000328,REQ002114,20251102,5,Outcome,Positive,2025-11-02 18:53
FB000329,REQ002571,20251107,3,Outcome,Neutral,2025-11-07 22:01
FB000330,REQ009109,20251215,2,Staff Support,Negative,2025-12-15 19:29
FB000331,REQ003244,20250727,4,Outcome,Positive,2025-07-27 20:46
FB000332,REQ006402,20260417,3,Staff Support,Neutral,2026-04-17 10:37
FB000333,REQ006012,20260125,3,Clarity,Neutral,2026-01-25 16:36
FB000334,REQ002146,20250625,5,Staff Support,Positive,2025-06-25 08:22
FB000335,REQ003148,20250628,4,Staff Support,Positive,2025-06-28 15:26
FB000336,REQ002506,20260209,4,Outcome,Positive,2026-02-09 10:51
FB000337,REQ002170,20251021,2,Clarity,Negative,2025-10-21 06:53
FB000338,REQ007686,20251005,5,Outcome,Positive,2025-10-05 04:58
FB000339,REQ008502,20250819,4,Clarity,Positive,2025-08-19 19:34
FB000340,REQ001268,20251102,4,Wait Time,Positive,2025-11-02 23:45
FB000341,REQ006918,20250704,4,Outcome,Positive,2025-07-04 19:18
FB000342,REQ000267,20250913,3,Staff Support,Neutral,2025-09-13 07:03
FB000343,REQ004132,20250810,4,Wait Time,Positive,2025-08-10 22:33
FB000344,REQ005131,20250816,4,Outcome,Positive,2025-08-16 22:39
FB000345,REQ009917,20260312,5,Clarity,Positive,2026-03-12 19:54
FB000346,REQ007177,20250701,4,Clarity,Positive,2025-07-01 08:13
FB000347,REQ002619,20250718,2,Clarity,Negative,2025-07-18 12:34
FB000348,REQ000195,20251216,3,Wait Time,Neutral,2025-12-16 08:50
FB000349,REQ000090,20260308,2,Outcome,Negative,2026-03-08 06:10
FB000350,REQ005515,20260501,4,Usability,Positive,2026-05-01 22:28
FB000351,REQ000166,20260401,3,Staff Support,Neutral,2026-04-01 22:30
FB000352,REQ004080,20250616,5,Outcome,Positive,2025-06-16 18:10
FB000353,REQ002028,20260505,4,Staff Support,Positive,2026-05-05 21:59
FB000354,REQ002069,20251003,4,Staff Support,Positive,2025-10-03 07:44
FB000355,REQ002604,20250723,4,Outcome,Positive,2025-07-23 22:00
FB000356,REQ009323,20251129,5,Clarity,Positive,2025-11-29 17:37
FB000357,REQ000832,20250807,3,Usability,Neutral,2025-08-07 05:19
FB000358,REQ008095,20260314,1,Wait Time,Negative,2026-03-14 09:15
FB000359,REQ005080,20260223,5,Staff Support,Positive,2026-02-23 08:55
FB000360,REQ001053,20250628,4,Usability,Positive,2025-06-28 20:04
FB000361,REQ005748,20260513,3,Outcome,Neutral,2026-05-13 00:25
FB000362,REQ002699,20250805,5,Wait Time,Positive,2025-08-05 22:01
FB000363,REQ008973,20260516,3,Wait Time,Neutral,2026-05-16 09:34
FB000364,REQ003170,20260122,2,Clarity,Negative,2026-01-22 07:47
FB000365,REQ001924,20260425,4,Wait Time,Positive,2026-04-25 21:32
FB000366,REQ002668,20260202,3,Outcome,Neutral,2026-02-02 20:06
FB000367,REQ001007,20250927,5,Wait Time,Positive,2025-09-27 09:39
FB000368,REQ006112,20251117,5,Clarity,Positive,2025-11-17 17:30
FB000369,REQ001807,20250803,3,Usability,Neutral,2025-08-03 05:28
FB000370,REQ000311,20260227,4,Clarity,Positive,2026-02-27 07:49
FB000371,REQ006993,20250812,5,Clarity,Positive,2025-08-12 06:19
FB000372,REQ004890,20250826,2,Wait Time,Negative,2025-08-26 15:45
FB000373,REQ005811,20260303,3,Clarity,Neutral,2026-03-03 15:25
FB000374,REQ002733,20251028,4,Wait Time,Positive,2025-10-28 11:48
FB000375,REQ002975,20260307,4,Clarity,Positive,2026-03-07 14:52
FB000376,REQ004412,20250924,5,Staff Support,Positive,2025-09-24 00:40
FB000377,REQ009081,20251206,3,Outcome,Neutral,2025-12-06 21:40
FB000378,REQ006187,20251129,3,Usability,Neutral,2025-11-29 11:31
FB000379,REQ001774,20260227,5,Clarity,Positive,2026-02-27 15:19
FB000380,REQ002331,20250826,5,Clarity,Positive,2025-08-26 18:01
FB000381,REQ001154,20251017,2,Wait Time,Negative,2025-10-17 21:03
FB000382,REQ007908,20260201,5,Usability,Positive,2026-02-01 06:29
FB000383,REQ006824,20260312,4,Staff Support,Positive,2026-03-12 21:25
FB000384,REQ002543,20260419,3,Staff Support,Neutral,2026-04-19 13:39
FB000385,REQ007396,20251124,4,Wait Time,Positive,2025-11-24 02:44
FB000386,REQ009782,20260313,3,Wait Time,Neutral,2026-03-13 18:51
FB000387,REQ000620,20250910,4,Staff Support,Positive,2025-09-10 00:10
FB000388,REQ002872,20260504,1,Wait Time,Negative,2026-05-04 20:13
FB000389,REQ008606,20250711,5,Clarity,Positive,2025-07-11 02:53
FB000390,REQ007650,20260531,3,Usability,Neutral,2026-05-31 17:57
FB000391,REQ003996,20260125,4,Wait Time,Positive,2026-01-25 21:45
FB000392,REQ009943,20251229,2,Outcome,Negative,2025-12-29 03:33
FB000393,REQ003404,20260104,3,Outcome,Neutral,2026-01-04 21:51
FB000394,REQ005508,20250929,5,Staff Support,Positive,2025-09-29 23:58
FB000395,REQ009876,20260214,3,Usability,Neutral,2026-02-14 20:43
FB000396,REQ006223,20251105,4,Outcome,Positive,2025-11-05 00:23
FB000397,REQ008849,20251221,4,Wait Time,Positive,2025-12-21 02:59
FB000398,REQ004824,20251121,4,Wait Time,Positive,2025-11-21 19:27
FB000399,REQ004394,20260330,5,Wait Time,Positive,2026-03-30 13:39
FB000400,REQ002952,20260215,4,Usability,Positive,2026-02-15 12:08
FB000401,REQ001943,20260527,4,Wait Time,Positive,2026-05-27 10:23
FB000402,REQ001180,20250906,2,Outcome,Negative,2025-09-06 13:21
FB000403,REQ005733,20250610,5,Usability,Positive,2025-06-10 06:43
FB000404,REQ004916,20260110,5,Clarity,Positive,2026-01-10 18:00
FB000405,REQ000513,20260112,4,Wait Time,Positive,2026-01-12 13:06
FB000406,REQ000163,20251114,4,Clarity,Positive,2025-11-14 11:34
FB000407,REQ008910,20260328,4,Wait Time,Positive,2026-03-28 05:48
FB000408,REQ003094,20260531,4,Outcome,Positive,2026-05-31 17:51
FB000409,REQ008740,20260419,1,Outcome,Negative,2026-04-19 01:28
FB000410,REQ007017,20260325,2,Clarity,Negative,2026-03-25 01:37
FB000411,REQ000042,20251023,4,Staff Support,Positive,2025-10-23 21:00
FB000412,REQ001765,20260104,5,Usability,Positive,2026-01-04 11:59
FB000413,REQ007134,20250620,4,Usability,Positive,2025-06-20 04:17
FB000414,REQ006930,20250827,2,Clarity,Negative,2025-08-27 07:51
FB000415,REQ000745,20260326,3,Usability,Neutral,2026-03-26 05:26
FB000416,REQ001231,20260531,4,Outcome,Positive,2026-05-31 17:09
FB000417,REQ000287,20260206,4,Clarity,Positive,2026-02-06 09:12
FB000418,REQ005540,20251004,4,Staff Support,Positive,2025-10-04 05:52
FB000419,REQ001061,20260421,4,Wait Time,Positive,2026-04-21 03:56
FB000420,REQ002071,20250909,2,Clarity,Negative,2025-09-09 09:03
FB000421,REQ009836,20250820,4,Staff Support,Positive,2025-08-20 11:53
FB000422,REQ002239,20251015,2,Clarity,Negative,2025-10-15 06:43
FB000423,REQ005984,20250819,3,Clarity,Neutral,2025-08-19 03:58
FB000424,REQ000196,20260314,5,Clarity,Positive,2026-03-14 10:41
FB000425,REQ000248,20251218,4,Staff Support,Positive,2025-12-18 03:34
FB000426,REQ002025,20260524,5,Usability,Positive,2026-05-24 17:50
FB000427,REQ009487,20251031,4,Usability,Positive,2025-10-31 21:32
FB000428,REQ001782,20250703,3,Usability,Neutral,2025-07-03 12:53
FB000429,REQ000283,20250801,1,Wait Time,Negative,2025-08-01 17:05
FB000430,REQ006058,20250803,5,Outcome,Positive,2025-08-03 09:16
FB000431,REQ003798,20250822,5,Outcome,Positive,2025-08-22 16:38
FB000432,REQ007668,20260531,3,Wait Time,Neutral,2026-05-31 17:47
FB000433,REQ004442,20251215,4,Wait Time,Positive,2025-12-15 09:27
FB000434,REQ006378,20250622,4,Usability,Positive,2025-06-22 17:44
FB000435,REQ005869,20251205,5,Staff Support,Positive,2025-12-05 22:27
FB000436,REQ003193,20250831,4,Outcome,Positive,2025-08-31 04:24
FB000437,REQ008750,20251206,5,Outcome,Positive,2025-12-06 15:25
FB000438,REQ009438,20250909,4,Usability,Positive,2025-09-09 14:23
FB000439,REQ006697,20260102,4,Usability,Positive,2026-01-02 05:29
FB000440,REQ006514,20260323,4,Wait Time,Positive,2026-03-23 17:22
FB000441,REQ003859,20260519,4,Staff Support,Positive,2026-05-19 19:03
FB000442,REQ001056,20260313,4,Usability,Positive,2026-03-13 20:53
FB000443,REQ003036,20250831,3,Wait Time,Neutral,2025-08-31 09:57
FB000444,REQ005441,20251123,5,Outcome,Positive,2025-11-23 00:13
FB000445,REQ006799,20250926,2,Outcome,Negative,2025-09-26 02:44
FB000446,REQ001493,20251012,5,Staff Support,Positive,2025-10-12 19:29
FB000447,REQ001868,20250819,2,Staff Support,Negative,2025-08-19 07:45
FB000448,REQ002758,20260402,5,Clarity,Positive,2026-04-02 01:23
FB000449,REQ003863,20250613,3,Wait Time,Neutral,2025-06-13 14:16
FB000450,REQ000295,20260309,3,Wait Time,Neutral,2026-03-09 03:00
FB000451,REQ008521,20251211,5,Wait Time,Positive,2025-12-11 05:32
FB000452,REQ006452,20260504,3,Outcome,Neutral,2026-05-04 06:56
FB000453,REQ002768,20260125,3,Clarity,Neutral,2026-01-25 02:58
FB000454,REQ000153,20251122,4,Usability,Positive,2025-11-22 15:06
FB000455,REQ004386,20251228,3,Wait Time,Neutral,2025-12-28 19:29
FB000456,REQ005692,20250719,3,Usability,Neutral,2025-07-19 05:49
FB000457,REQ000731,20260510,2,Usability,Negative,2026-05-10 02:19
FB000458,REQ007574,20250623,4,Usability,Positive,2025-06-23 03:17
FB000459,REQ001482,20260514,4,Usability,Positive,2026-05-14 05:28
FB000460,REQ005606,20250611,3,Wait Time,Neutral,2025-06-11 06:18
FB000461,REQ005560,20251214,2,Wait Time,Negative,2025-12-14 02:57
FB000462,REQ007821,20251102,4,Clarity,Positive,2025-11-02 04:49
FB000463,REQ008787,20260319,4,Wait Time,Positive,2026-03-19 20:48
FB000464,REQ006300,20260305,3,Outcome,Neutral,2026-03-05 14:20
FB000465,REQ006037,20260215,2,Wait Time,Negative,2026-02-15 05:53
FB000466,REQ000007,20251115,4,Usability,Positive,2025-11-15 20:33
FB000467,REQ006757,20260125,5,Clarity,Positive,2026-01-25 02:33
FB000468,REQ005805,20260205,4,Usability,Positive,2026-02-05 06:29
FB000469,REQ006511,20260406,4,Clarity,Positive,2026-04-06 13:27
FB000470,REQ006483,20250929,3,Wait Time,Neutral,2025-09-29 14:07
FB000471,REQ001345,20260318,5,Wait Time,Positive,2026-03-18 21:54
FB000472,REQ005265,20260516,2,Usability,Negative,2026-05-16 22:40
FB000473,REQ003493,20250609,5,Clarity,Positive,2025-06-09 10:32
FB000474,REQ002841,20260502,5,Outcome,Positive,2026-05-02 11:25
FB000475,REQ004676,20251030,5,Wait Time,Positive,2025-10-30 21:38
FB000476,REQ002049,20250614,2,Wait Time,Negative,2025-06-14 14:06
FB000477,REQ004531,20251203,2,Wait Time,Negative,2025-12-03 23:34
FB000478,REQ006593,20250906,5,Usability,Positive,2025-09-06 01:30
FB000479,REQ000133,20251210,4,Usability,Positive,2025-12-10 10:15
FB000480,REQ005777,20251106,3,Staff Support,Neutral,2025-11-06 03:16
FB000481,REQ007651,20250819,3,Staff Support,Neutral,2025-08-19 03:09
FB000482,REQ003535,20260125,4,Staff Support,Positive,2026-01-25 20:07
FB000483,REQ001557,20251223,4,Outcome,Positive,2025-12-23 18:30
FB000484,REQ008494,20260208,4,Clarity,Positive,2026-02-08 09:15
FB000485,REQ007528,20260528,5,Clarity,Positive,2026-05-28 20:41
FB000486,REQ001500,20260206,4,Outcome,Positive,2026-02-06 04:16
FB000487,REQ002647,20251007,4,Staff Support,Positive,2025-10-07 08:45
FB000488,REQ002737,20260113,4,Usability,Positive,2026-01-13 12:32
FB000489,REQ000357,20250714,4,Outcome,Positive,2025-07-14 21:24
FB000490,REQ004741,20260502,4,Staff Support,Positive,2026-05-02 04:11
FB000491,REQ008431,20250823,2,Outcome,Negative,2025-08-23 02:47
FB000492,REQ002470,20260425,3,Staff Support,Neutral,2026-04-25 10:20
FB000493,REQ003471,20251123,2,Outcome,Negative,2025-11-23 10:15
FB000494,REQ002789,20251007,3,Clarity,Neutral,2025-10-07 19:19
FB000495,REQ006817,20260117,3,Clarity,Neutral,2026-01-17 06:27
FB000496,REQ001422,20251125,4,Wait Time,Positive,2025-11-25 04:45
FB000497,REQ007425,20250912,4,Staff Support,Positive,2025-09-12 06:06
FB000498,REQ002992,20251215,4,Wait Time,Positive,2025-12-15 13:24
FB000499,REQ005788,20251025,4,Clarity,Positive,2025-10-25 06:03
FB000500,REQ006014,20250722,2,Staff Support,Negative,2025-07-22 21:43
FB000501,REQ000522,20260520,3,Wait Time,Neutral,2026-05-20 18:45
FB000502,REQ009669,20260507,4,Wait Time,Positive,2026-05-07 04:44
FB000503,REQ000637,20251031,2,Staff Support,Negative,2025-10-31 11:44
FB000504,REQ002256,20260208,1,Usability,Negative,2026-02-08 15:53
FB000505,REQ003384,20250611,4,Wait Time,Positive,2025-06-11 05:44
FB000506,REQ001118,20260408,5,Wait Time,Positive,2026-04-08 23:25
FB000507,REQ009407,20260402,4,Wait Time,Positive,2026-04-02 08:59
FB000508,REQ001936,20250715,4,Wait Time,Positive,2025-07-15 08:00
FB000509,REQ006242,20251109,3,Usability,Neutral,2025-11-09 19:51
FB000510,REQ001311,20260104,4,Clarity,Positive,2026-01-04 22:13
FB000511,REQ009113,20251026,4,Wait Time,Positive,2025-10-26 03:04
FB000512,REQ006294,20251014,1,Wait Time,Negative,2025-10-14 08:06
FB000513,REQ000503,20260120,3,Staff Support,Neutral,2026-01-20 13:16
FB000514,REQ006071,20260313,5,Wait Time,Positive,2026-03-13 02:46
FB000515,REQ009423,20260519,3,Outcome,Neutral,2026-05-19 15:53
FB000516,REQ005343,20250916,4,Usability,Positive,2025-09-16 23:41
FB000517,REQ003737,20260123,5,Usability,Positive,2026-01-23 17:49
FB000518,REQ002968,20250617,4,Clarity,Positive,2025-06-17 15:35
FB000519,REQ004960,20251221,5,Clarity,Positive,2025-12-21 04:42
FB000520,REQ004671,20250916,2,Clarity,Negative,2025-09-16 12:53
FB000521,REQ006397,20251231,4,Outcome,Positive,2025-12-31 12:35
FB000522,REQ001338,20251101,3,Outcome,Neutral,2025-11-01 18:13
FB000523,REQ009010,20251012,4,Wait Time,Positive,2025-10-12 07:19
FB000524,REQ000245,20260115,4,Wait Time,Positive,2026-01-15 05:29
FB000525,REQ007483,20251020,2,Usability,Negative,2025-10-20 07:34
FB000526,REQ003277,20260125,1,Staff Support,Negative,2026-01-25 14:56
FB000527,REQ002542,20250803,2,Wait Time,Negative,2025-08-03 04:47
FB000528,REQ004946,20250612,4,Usability,Positive,2025-06-12 12:25
FB000529,REQ004416,20250901,4,Outcome,Positive,2025-09-01 10:07
FB000530,REQ006633,20251229,1,Outcome,Negative,2025-12-29 17:28
FB000531,REQ004355,20260512,5,Wait Time,Positive,2026-05-12 10:20
FB000532,REQ008515,20250606,2,Clarity,Negative,2025-06-06 19:21
FB000533,REQ006660,20260425,1,Outcome,Negative,2026-04-25 05:01
FB000534,REQ007184,20260531,4,Outcome,Positive,2026-05-31 01:04
FB000535,REQ007282,20260410,3,Clarity,Neutral,2026-04-10 20:06
FB000536,REQ002035,20251228,1,Clarity,Negative,2025-12-28 14:06
FB000537,REQ008808,20260218,4,Staff Support,Positive,2026-02-18 07:10
FB000538,REQ003366,20260410,5,Staff Support,Positive,2026-04-10 19:25
FB000539,REQ008683,20260321,4,Outcome,Positive,2026-03-21 21:01
FB000540,REQ008248,20250924,4,Wait Time,Positive,2025-09-24 21:21
FB000541,REQ002459,20260225,3,Staff Support,Neutral,2026-02-25 16:55
FB000542,REQ002505,20260321,3,Clarity,Neutral,2026-03-21 20:21
FB000543,REQ006634,20260117,5,Clarity,Positive,2026-01-17 04:49
FB000544,REQ007943,20250724,4,Usability,Positive,2025-07-24 16:06
FB000545,REQ000268,20251227,2,Wait Time,Negative,2025-12-27 16:56
FB000546,REQ003052,20260204,4,Staff Support,Positive,2026-02-04 12:43
FB000547,REQ001777,20250607,3,Clarity,Neutral,2025-06-07 05:04
FB000548,REQ003772,20251206,3,Staff Support,Neutral,2025-12-06 04:44
FB000549,REQ002817,20260201,5,Wait Time,Positive,2026-02-01 20:05
FB000550,REQ007098,20251112,2,Usability,Negative,2025-11-12 19:23
FB000551,REQ003423,20250921,5,Staff Support,Positive,2025-09-21 05:45
FB000552,REQ003197,20250829,5,Usability,Positive,2025-08-29 10:22
FB000553,REQ005624,20260514,4,Usability,Positive,2026-05-14 04:44
FB000554,REQ005156,20251107,4,Staff Support,Positive,2025-11-07 17:14
FB000555,REQ006915,20250916,5,Usability,Positive,2025-09-16 23:26
FB000556,REQ008308,20260308,5,Clarity,Positive,2026-03-08 15:26
FB000557,REQ001444,20250808,4,Staff Support,Positive,2025-08-08 12:46
FB000558,REQ001195,20251021,4,Wait Time,Positive,2025-10-21 07:54
FB000559,REQ008753,20260416,5,Wait Time,Positive,2026-04-16 05:50
FB000560,REQ001564,20260524,1,Clarity,Negative,2026-05-24 08:27
FB000561,REQ009731,20251006,5,Wait Time,Positive,2025-10-06 06:48
FB000562,REQ008018,20260531,4,Wait Time,Positive,2026-05-31 17:06
FB000563,REQ006620,20260304,3,Outcome,Neutral,2026-03-04 17:13
FB000564,REQ006017,20250919,4,Outcome,Positive,2025-09-19 12:25
FB000565,REQ001492,20250903,5,Wait Time,Positive,2025-09-03 17:46
FB000566,REQ003207,20250925,4,Clarity,Positive,2025-09-25 01:52
FB000567,REQ005532,20260418,3,Usability,Neutral,2026-04-18 07:40
FB000568,REQ002488,20260515,4,Clarity,Positive,2026-05-15 18:15
FB000569,REQ006683,20260216,4,Outcome,Positive,2026-02-16 17:12
FB000570,REQ009856,20250609,4,Clarity,Positive,2025-06-09 00:52
FB000571,REQ001045,20260529,4,Wait Time,Positive,2026-05-29 08:44
FB000572,REQ007635,20250920,4,Usability,Positive,2025-09-20 11:58
FB000573,REQ000683,20251111,2,Usability,Negative,2025-11-11 12:07
FB000574,REQ009871,20250707,4,Usability,Positive,2025-07-07 12:59
FB000575,REQ004951,20250913,4,Staff Support,Positive,2025-09-13 15:54
FB000576,REQ009386,20250805,5,Clarity,Positive,2025-08-05 12:46
FB000577,REQ005374,20250728,3,Outcome,Neutral,2025-07-28 00:02
FB000578,REQ005350,20260130,3,Wait Time,Neutral,2026-01-30 09:38
FB000579,REQ002152,20250818,4,Wait Time,Positive,2025-08-18 12:29
FB000580,REQ006605,20260202,3,Clarity,Neutral,2026-02-02 08:19
FB000581,REQ003457,20251106,2,Outcome,Negative,2025-11-06 09:15
FB000582,REQ009390,20250815,3,Wait Time,Neutral,2025-08-15 22:16
FB000583,REQ004608,20260531,5,Outcome,Positive,2026-05-31 17:11
FB000584,REQ008063,20250822,3,Usability,Neutral,2025-08-22 15:24
FB000585,REQ009757,20251107,5,Outcome,Positive,2025-11-07 18:41
FB000586,REQ009900,20250921,3,Usability,Neutral,2025-09-21 10:17
FB000587,REQ000256,20260501,2,Clarity,Negative,2026-05-01 01:20
FB000588,REQ002343,20260214,4,Usability,Positive,2026-02-14 17:10
FB000589,REQ005868,20251030,3,Staff Support,Neutral,2025-10-30 15:02
FB000590,REQ007982,20260304,5,Outcome,Positive,2026-03-04 05:35
FB000591,REQ000025,20250929,3,Clarity,Neutral,2025-09-29 03:29
FB000592,REQ001055,20260212,2,Wait Time,Negative,2026-02-12 11:21
FB000593,REQ008913,20260412,5,Wait Time,Positive,2026-04-12 19:43
FB000594,REQ009902,20260309,5,Usability,Positive,2026-03-09 23:04
FB000595,REQ006311,20251103,4,Staff Support,Positive,2025-11-03 02:07
FB000596,REQ000778,20251008,4,Wait Time,Positive,2025-10-08 15:46
FB000597,REQ008664,20251006,4,Clarity,Positive,2025-10-06 16:24
FB000598,REQ006857,20251023,3,Outcome,Neutral,2025-10-23 08:29
FB000599,REQ009719,20251024,4,Usability,Positive,2025-10-24 23:08
FB000600,REQ001733,20251204,4,Wait Time,Positive,2025-12-04 17:16
FB000601,REQ002201,20260313,4,Staff Support,Positive,2026-03-13 09:04
FB000602,REQ004007,20250708,2,Outcome,Negative,2025-07-08 21:16
FB000603,REQ003574,20250729,3,Outcome,Neutral,2025-07-29 13:36
FB000604,REQ004859,20251107,4,Wait Time,Positive,2025-11-07 20:22
FB000605,REQ002894,20250622,4,Staff Support,Positive,2025-06-22 11:33
FB000606,REQ000940,20250723,4,Usability,Positive,2025-07-23 15:33
FB000607,REQ004220,20260211,4,Usability,Positive,2026-02-11 18:57
FB000608,REQ006519,20260205,5,Staff Support,Positive,2026-02-05 14:03
FB000609,REQ004433,20260419,4,Usability,Positive,2026-04-19 14:14
FB000610,REQ000417,20250801,4,Clarity,Positive,2025-08-01 19:19
FB000611,REQ004430,20260330,4,Usability,Positive,2026-03-30 05:05
FB000612,REQ000651,20251011,5,Clarity,Positive,2025-10-11 21:17
FB000613,REQ007516,20260224,5,Clarity,Positive,2026-02-24 22:28
FB000614,REQ008419,20250825,4,Staff Support,Positive,2025-08-25 18:12
FB000615,REQ005128,20250930,3,Staff Support,Neutral,2025-09-30 20:51
FB000616,REQ008916,20260216,5,Staff Support,Positive,2026-02-16 01:34
FB000617,REQ006958,20251021,4,Usability,Positive,2025-10-21 02:13
FB000618,REQ001237,20250624,2,Staff Support,Negative,2025-06-24 00:52
FB000619,REQ007809,20250715,3,Staff Support,Neutral,2025-07-15 17:54
FB000620,REQ001193,20251230,4,Usability,Positive,2025-12-30 07:50
FB000621,REQ001087,20251124,3,Staff Support,Neutral,2025-11-24 13:32
FB000622,REQ008195,20251228,5,Usability,Positive,2025-12-28 14:14
FB000623,REQ001465,20260531,4,Clarity,Positive,2026-05-31 17:25
FB000624,REQ000605,20260108,1,Clarity,Negative,2026-01-08 17:37
FB000625,REQ000792,20251004,5,Clarity,Positive,2025-10-04 21:15
FB000626,REQ007195,20250803,3,Usability,Neutral,2025-08-03 14:54
FB000627,REQ007431,20251009,4,Outcome,Positive,2025-10-09 15:11
FB000628,REQ002208,20251007,5,Wait Time,Positive,2025-10-07 14:31
FB000629,REQ002414,20250718,3,Usability,Neutral,2025-07-18 14:11
FB000630,REQ007730,20251128,2,Wait Time,Negative,2025-11-28 02:10
FB000631,REQ009688,20251017,3,Staff Support,Neutral,2025-10-17 04:06
FB000632,REQ008121,20250703,3,Clarity,Neutral,2025-07-03 11:45
FB000633,REQ007983,20250730,4,Wait Time,Positive,2025-07-30 23:14
FB000634,REQ007602,20250609,5,Wait Time,Positive,2025-06-09 18:02
FB000635,REQ008118,20250717,3,Staff Support,Neutral,2025-07-17 10:12
FB000636,REQ007172,20251114,5,Outcome,Positive,2025-11-14 18:04
FB000637,REQ009772,20250928,5,Outcome,Positive,2025-09-28 20:55
FB000638,REQ003668,20251122,2,Usability,Negative,2025-11-22 00:47
FB000639,REQ001746,20260218,4,Outcome,Positive,2026-02-18 12:44
FB000640,REQ009380,20250907,3,Outcome,Neutral,2025-09-07 00:42
FB000641,REQ002717,20260515,3,Wait Time,Neutral,2026-05-15 18:41
FB000642,REQ003521,20250914,5,Clarity,Positive,2025-09-14 16:27
FB000643,REQ004666,20251119,3,Wait Time,Neutral,2025-11-19 05:16
FB000644,REQ008359,20251127,2,Usability,Negative,2025-11-27 06:42
FB000645,REQ005555,20251008,3,Outcome,Neutral,2025-10-08 08:02
FB000646,REQ006134,20260511,5,Outcome,Positive,2026-05-11 00:41
FB000647,REQ007592,20260118,5,Wait Time,Positive,2026-01-18 02:21
FB000648,REQ007475,20251010,5,Wait Time,Positive,2025-10-10 06:15
FB000649,REQ005764,20260421,4,Clarity,Positive,2026-04-21 17:33
FB000650,REQ001114,20251121,4,Staff Support,Positive,2025-11-21 09:59
FB000651,REQ005399,20260501,3,Outcome,Neutral,2026-05-01 03:40
FB000652,REQ005921,20250914,3,Outcome,Neutral,2025-09-14 08:21
FB000653,REQ000413,20250918,2,Clarity,Negative,2025-09-18 03:33
FB000654,REQ000796,20250714,2,Wait Time,Negative,2025-07-14 06:17
FB000655,REQ003618,20250822,2,Wait Time,Negative,2025-08-22 18:30
FB000656,REQ005786,20250926,3,Staff Support,Neutral,2025-09-26 13:31
FB000657,REQ006475,20251208,2,Staff Support,Negative,2025-12-08 20:24
FB000658,REQ005666,20250807,4,Wait Time,Positive,2025-08-07 19:22
FB000659,REQ003804,20250624,3,Clarity,Neutral,2025-06-24 16:22
FB000660,REQ009219,20250620,5,Usability,Positive,2025-06-20 21:37
FB000661,REQ009152,20250728,5,Usability,Positive,2025-07-28 08:10
FB000662,REQ001307,20250622,5,Wait Time,Positive,2025-06-22 06:36
FB000663,REQ001685,20250812,5,Clarity,Positive,2025-08-12 11:15
FB000664,REQ000364,20251015,3,Outcome,Neutral,2025-10-15 10:18
FB000665,REQ000200,20251019,3,Outcome,Neutral,2025-10-19 04:59
FB000666,REQ003855,20251229,5,Wait Time,Positive,2025-12-29 02:42
FB000667,REQ007886,20260224,5,Clarity,Positive,2026-02-24 07:49
FB000668,REQ004678,20251106,3,Clarity,Neutral,2025-11-06 14:08
FB000669,REQ003351,20260405,3,Staff Support,Neutral,2026-04-05 17:02
FB000670,REQ003999,20251005,4,Staff Support,Positive,2025-10-05 20:46
FB000671,REQ005079,20260430,2,Staff Support,Negative,2026-04-30 16:22
FB000672,REQ001315,20251207,1,Wait Time,Negative,2025-12-07 13:57
FB000673,REQ004253,20251020,5,Usability,Positive,2025-10-20 13:16
FB000674,REQ008220,20260519,5,Wait Time,Positive,2026-05-19 09:49
FB000675,REQ002108,20250711,4,Usability,Positive,2025-07-11 14:16
FB000676,REQ001202,20260123,2,Usability,Negative,2026-01-23 07:30
FB000677,REQ002718,20250827,4,Wait Time,Positive,2025-08-27 21:03
FB000678,REQ005394,20260107,1,Wait Time,Negative,2026-01-07 14:05
FB000679,REQ004971,20250722,1,Wait Time,Negative,2025-07-22 02:25
FB000680,REQ007572,20250609,3,Wait Time,Neutral,2025-06-09 05:50
FB000681,REQ006405,20251227,4,Usability,Positive,2025-12-27 20:26
FB000682,REQ009598,20251112,4,Outcome,Positive,2025-11-12 21:39
FB000683,REQ009103,20251126,2,Outcome,Negative,2025-11-26 16:40
FB000684,REQ006699,20250714,3,Clarity,Neutral,2025-07-14 19:28
FB000685,REQ009191,20251123,4,Clarity,Positive,2025-11-23 12:27
FB000686,REQ003491,20260417,3,Wait Time,Neutral,2026-04-17 09:28
FB000687,REQ007218,20260309,4,Outcome,Positive,2026-03-09 17:25
FB000688,REQ005370,20260403,4,Wait Time,Positive,2026-04-03 13:21
FB000689,REQ001582,20250715,3,Clarity,Neutral,2025-07-15 04:53
FB000690,REQ008682,20250821,3,Wait Time,Neutral,2025-08-21 14:24
FB000691,REQ001146,20250822,3,Outcome,Neutral,2025-08-22 06:28
FB000692,REQ009494,20260302,5,Usability,Positive,2026-03-02 01:27
FB000693,REQ008999,20251202,3,Wait Time,Neutral,2025-12-02 19:06
FB000694,REQ008449,20260429,4,Wait Time,Positive,2026-04-29 22:53
FB000695,REQ007940,20260305,5,Clarity,Positive,2026-03-05 10:17
FB000696,REQ000147,20260331,4,Outcome,Positive,2026-03-31 07:05
FB000697,REQ000773,20260109,2,Usability,Negative,2026-01-09 03:12
FB000698,REQ001009,20250828,4,Outcome,Positive,2025-08-28 08:06
FB000699,REQ000931,20250825,4,Clarity,Positive,2025-08-25 22:42
FB000700,REQ008374,20260523,3,Outcome,Neutral,2026-05-23 06:39
FB000701,REQ007764,20260424,2,Usability,Negative,2026-04-24 03:48
FB000702,REQ003198,20260207,3,Staff Support,Neutral,2026-02-07 14:03
FB000703,REQ006110,20251001,2,Outcome,Negative,2025-10-01 01:45
FB000704,REQ001020,20250803,3,Staff Support,Neutral,2025-08-03 02:13
FB000705,REQ005108,20260228,4,Usability,Positive,2026-02-28 05:23
FB000706,REQ002869,20250714,4,Clarity,Positive,2025-07-14 11:26
FB000707,REQ009565,20251107,3,Clarity,Neutral,2025-11-07 19:48
FB000708,REQ009190,20260406,3,Wait Time,Neutral,2026-04-06 04:54
FB000709,REQ006092,20250709,4,Staff Support,Positive,2025-07-09 09:29
FB000710,REQ002454,20260130,1,Wait Time,Negative,2026-01-30 00:52
FB000711,REQ004632,20250912,4,Clarity,Positive,2025-09-12 05:07
FB000712,REQ008342,20260531,1,Outcome,Negative,2026-05-31 17:15
FB000713,REQ000965,20251105,2,Usability,Negative,2025-11-05 16:22
FB000714,REQ004174,20250611,4,Staff Support,Positive,2025-06-11 20:35
FB000715,REQ007371,20260211,4,Clarity,Positive,2026-02-11 19:17
FB000716,REQ004100,20260531,4,Outcome,Positive,2026-05-31 13:46
FB000717,REQ007398,20250726,3,Clarity,Neutral,2025-07-26 04:23
FB000718,REQ004729,20250905,3,Wait Time,Neutral,2025-09-05 06:49
FB000719,REQ009919,20250614,4,Outcome,Positive,2025-06-14 08:30
FB000720,REQ000349,20260227,5,Clarity,Positive,2026-02-27 14:40
FB000721,REQ006320,20250827,4,Wait Time,Positive,2025-08-27 16:58
FB000722,REQ008657,20251222,4,Staff Support,Positive,2025-12-22 02:31
FB000723,REQ005802,20260428,4,Staff Support,Positive,2026-04-28 17:30
FB000724,REQ009905,20260103,2,Wait Time,Negative,2026-01-03 17:48
FB000725,REQ003810,20251210,5,Clarity,Positive,2025-12-10 12:56
FB000726,REQ006955,20251004,2,Wait Time,Negative,2025-10-04 06:45
FB000727,REQ008091,20260514,2,Wait Time,Negative,2026-05-14 12:23
FB000728,REQ007406,20251206,4,Outcome,Positive,2025-12-06 16:53
FB000729,REQ003199,20251017,3,Wait Time,Neutral,2025-10-17 23:10
FB000730,REQ005466,20260219,4,Outcome,Positive,2026-02-19 02:18
FB000731,REQ004598,20260430,2,Staff Support,Negative,2026-04-30 03:57
FB000732,REQ008355,20251025,4,Wait Time,Positive,2025-10-25 06:55
FB000733,REQ005783,20250918,4,Wait Time,Positive,2025-09-18 13:10
FB000734,REQ008075,20260331,2,Wait Time,Negative,2026-03-31 09:29
FB000735,REQ008334,20250722,2,Staff Support,Negative,2025-07-22 13:41
FB000736,REQ008407,20250916,1,Staff Support,Negative,2025-09-16 10:25
FB000737,REQ001092,20260501,3,Wait Time,Neutral,2026-05-01 13:01
FB000738,REQ006403,20260106,4,Usability,Positive,2026-01-06 09:48
FB000739,REQ003905,20260316,2,Outcome,Negative,2026-03-16 23:47
FB000740,REQ007176,20260524,4,Outcome,Positive,2026-05-24 17:10
FB000741,REQ000998,20260523,5,Wait Time,Positive,2026-05-23 01:51
FB000742,REQ004821,20251115,5,Wait Time,Positive,2025-11-15 05:31
FB000743,REQ001563,20260107,4,Usability,Positive,2026-01-07 15:21
FB000744,REQ008748,20250707,4,Wait Time,Positive,2025-07-07 14:27
FB000745,REQ005136,20260125,4,Staff Support,Positive,2026-01-25 03:31
FB000746,REQ004013,20250906,2,Wait Time,Negative,2025-09-06 23:53
FB000747,REQ009893,20250905,4,Staff Support,Positive,2025-09-05 12:58
FB000748,REQ009631,20251107,1,Outcome,Negative,2025-11-07 15:36
FB000749,REQ009865,20250620,1,Usability,Negative,2025-06-20 01:31
FB000750,REQ009760,20250720,5,Wait Time,Positive,2025-07-20 10:01
FB000751,REQ009821,20260219,4,Outcome,Positive,2026-02-19 13:40
FB000752,REQ003971,20260515,3,Clarity,Neutral,2026-05-15 01:13
FB000753,REQ000208,20251218,3,Clarity,Neutral,2025-12-18 04:21
FB000754,REQ006167,20250615,4,Clarity,Positive,2025-06-15 03:56
FB000755,REQ006876,20260401,5,Usability,Positive,2026-04-01 10:44
FB000756,REQ007296,20250915,5,Staff Support,Positive,2025-09-15 01:03
FB000757,REQ009913,20260227,4,Clarity,Positive,2026-02-27 13:01
FB000758,REQ005301,20250907,4,Usability,Positive,2025-09-07 01:35
FB000759,REQ005931,20251109,5,Clarity,Positive,2025-11-09 08:22
FB000760,REQ000973,20250708,1,Usability,Negative,2025-07-08 02:27
FB000761,REQ009555,20260412,3,Clarity,Neutral,2026-04-12 09:14
FB000762,REQ007201,20250806,3,Usability,Neutral,2025-08-06 15:25
FB000763,REQ001599,20250620,4,Usability,Positive,2025-06-20 00:25
FB000764,REQ009848,20260223,4,Outcome,Positive,2026-02-23 21:06
FB000765,REQ006248,20260120,2,Staff Support,Negative,2026-01-20 04:20
FB000766,REQ001348,20251211,1,Wait Time,Negative,2025-12-11 14:12
FB000767,REQ008556,20251116,5,Outcome,Positive,2025-11-16 00:01
FB000768,REQ006081,20260227,5,Clarity,Positive,2026-02-27 02:27
FB000769,REQ005941,20250705,1,Wait Time,Negative,2025-07-05 15:07
FB000770,REQ002598,20260101,2,Clarity,Negative,2026-01-01 15:50
FB000771,REQ000207,20251008,5,Usability,Positive,2025-10-08 17:19
FB000772,REQ001052,20260330,2,Usability,Negative,2026-03-30 16:02
FB000773,REQ003387,20260214,3,Wait Time,Neutral,2026-02-14 13:13
FB000774,REQ000848,20251003,4,Usability,Positive,2025-10-03 23:50
FB000775,REQ003551,20251222,3,Outcome,Neutral,2025-12-22 17:02
FB000776,REQ002589,20250923,4,Usability,Positive,2025-09-23 17:52
FB000777,REQ003717,20251103,3,Outcome,Neutral,2025-11-03 22:06
FB000778,REQ002185,20250926,4,Wait Time,Positive,2025-09-26 19:15
FB000779,REQ003613,20251210,5,Clarity,Positive,2025-12-10 22:28
FB000780,REQ001468,20260121,2,Clarity,Negative,2026-01-21 03:57
FB000781,REQ005657,20260127,2,Usability,Negative,2026-01-27 14:17
FB000782,REQ001174,20250928,1,Wait Time,Negative,2025-09-28 16:40
FB000783,REQ003974,20260217,3,Usability,Neutral,2026-02-17 10:36
FB000784,REQ004428,20260509,3,Outcome,Neutral,2026-05-09 19:05
FB000785,REQ000525,20250812,5,Outcome,Positive,2025-08-12 19:46
FB000786,REQ006934,20250807,3,Wait Time,Neutral,2025-08-07 12:14
FB000787,REQ004163,20260228,4,Clarity,Positive,2026-02-28 09:49
FB000788,REQ001843,20251108,5,Clarity,Positive,2025-11-08 17:42
FB000789,REQ001974,20260220,1,Wait Time,Negative,2026-02-20 15:14
FB000790,REQ002304,20260510,3,Wait Time,Neutral,2026-05-10 18:23
FB000791,REQ000201,20250818,3,Usability,Neutral,2025-08-18 22:47
FB000792,REQ003943,20250627,2,Staff Support,Negative,2025-06-27 07:50
FB000793,REQ003877,20260311,4,Outcome,Positive,2026-03-11 03:53
FB000794,REQ009521,20251109,4,Staff Support,Positive,2025-11-09 23:04
FB000795,REQ009203,20251009,4,Wait Time,Positive,2025-10-09 06:06
FB000796,REQ006565,20251216,4,Usability,Positive,2025-12-16 10:47
FB000797,REQ001772,20260502,5,Clarity,Positive,2026-05-02 01:19
FB000798,REQ001276,20260206,3,Usability,Neutral,2026-02-06 02:42
FB000799,REQ002588,20250903,5,Staff Support,Positive,2025-09-03 18:03
FB000800,REQ004061,20250615,4,Wait Time,Positive,2025-06-15 09:14
FB000801,REQ005426,20250612,3,Wait Time,Neutral,2025-06-12 01:55
FB000802,REQ008254,20251108,5,Usability,Positive,2025-11-08 17:23
FB000803,REQ004197,20260322,4,Usability,Positive,2026-03-22 04:19
FB000804,REQ009460,20260130,5,Staff Support,Positive,2026-01-30 09:29
FB000805,REQ007622,20260429,4,Staff Support,Positive,2026-04-29 12:57
FB000806,REQ009500,20251204,4,Usability,Positive,2025-12-04 11:49
FB000807,REQ007117,20251106,4,Wait Time,Positive,2025-11-06 15:34
FB000808,REQ009437,20250725,3,Clarity,Neutral,2025-07-25 14:50
FB000809,REQ000043,20251114,3,Usability,Neutral,2025-11-14 07:00
FB000810,REQ003687,20260522,5,Wait Time,Positive,2026-05-22 02:17
FB000811,REQ009944,20251230,3,Clarity,Neutral,2025-12-30 20:32
FB000812,REQ006050,20260119,4,Clarity,Positive,2026-01-19 15:30
FB000813,REQ001203,20260111,2,Usability,Negative,2026-01-11 03:51
FB000814,REQ000844,20260518,3,Outcome,Neutral,2026-05-18 03:26
FB000815,REQ004883,20260110,3,Staff Support,Neutral,2026-01-10 05:56
FB000816,REQ004003,20251023,5,Staff Support,Positive,2025-10-23 00:47
FB000817,REQ008773,20260428,4,Wait Time,Positive,2026-04-28 16:51
FB000818,REQ005607,20260412,2,Clarity,Negative,2026-04-12 18:35
FB000819,REQ005193,20251208,3,Wait Time,Neutral,2025-12-08 05:14
FB000820,REQ009743,20250619,2,Outcome,Negative,2025-06-19 13:54
FB000821,REQ009524,20250814,4,Usability,Positive,2025-08-14 18:21
FB000822,REQ003063,20260220,3,Staff Support,Neutral,2026-02-20 03:42
FB000823,REQ005999,20260206,3,Staff Support,Neutral,2026-02-06 13:38
FB000824,REQ009147,20260404,4,Clarity,Positive,2026-04-04 10:07
FB000825,REQ006120,20250716,2,Clarity,Negative,2025-07-16 19:04
FB000826,REQ000713,20250724,3,Wait Time,Neutral,2025-07-24 01:04
FB000827,REQ000077,20260430,3,Clarity,Neutral,2026-04-30 00:59
FB000828,REQ003993,20260221,4,Wait Time,Positive,2026-02-21 23:58
FB000829,REQ002594,20250804,4,Usability,Positive,2025-08-04 13:06
FB000830,REQ003689,20250914,3,Outcome,Neutral,2025-09-14 14:20
FB000831,REQ009422,20260304,5,Usability,Positive,2026-03-04 08:28
FB000832,REQ005291,20251024,4,Outcome,Positive,2025-10-24 05:54
FB000833,REQ000864,20251224,4,Wait Time,Positive,2025-12-24 15:57
FB000834,REQ009128,20251213,5,Wait Time,Positive,2025-12-13 14:31
FB000835,REQ008395,20250929,3,Clarity,Neutral,2025-09-29 19:15
FB000836,REQ008867,20260318,4,Outcome,Positive,2026-03-18 06:04
FB000837,REQ002628,20250929,2,Staff Support,Negative,2025-09-29 07:57
FB000838,REQ006460,20250704,1,Clarity,Negative,2025-07-04 11:46
FB000839,REQ006693,20251105,5,Outcome,Positive,2025-11-05 01:36
FB000840,REQ002338,20260403,4,Wait Time,Positive,2026-04-03 07:53
FB000841,REQ006554,20260531,4,Clarity,Positive,2026-05-31 17:33
FB000842,REQ002860,20250823,4,Clarity,Positive,2025-08-23 03:34
FB000843,REQ001013,20260121,5,Staff Support,Positive,2026-01-21 23:57
FB000844,REQ001225,20260312,5,Usability,Positive,2026-03-12 01:11
FB000845,REQ000411,20260416,4,Wait Time,Positive,2026-04-16 08:19
FB000846,REQ000789,20250829,5,Usability,Positive,2025-08-29 08:45
FB000847,REQ004302,20251214,4,Wait Time,Positive,2025-12-14 16:00
FB000848,REQ005638,20250730,5,Wait Time,Positive,2025-07-30 16:46
FB000849,REQ009562,20250703,4,Staff Support,Positive,2025-07-03 14:18
FB000850,REQ002224,20250901,3,Wait Time,Neutral,2025-09-01 21:40
FB000851,REQ003173,20260324,3,Clarity,Neutral,2026-03-24 06:10
FB000852,REQ007892,20260214,5,Usability,Positive,2026-02-14 18:44
FB000853,REQ000325,20260213,4,Clarity,Positive,2026-02-13 16:04
FB000854,REQ007175,20250913,5,Staff Support,Positive,2025-09-13 19:25
FB000855,REQ001157,20250916,3,Wait Time,Neutral,2025-09-16 08:46
FB000856,REQ007848,20251107,4,Outcome,Positive,2025-11-07 19:50
FB000857,REQ001612,20251114,4,Outcome,Positive,2025-11-14 20:22
FB000858,REQ001961,20251121,5,Usability,Positive,2025-11-21 16:11
FB000859,REQ000344,20250830,5,Wait Time,Positive,2025-08-30 10:19
FB000860,REQ000460,20251231,4,Staff Support,Positive,2025-12-31 10:37
FB000861,REQ007344,20250907,5,Clarity,Positive,2025-09-07 21:25
FB000862,REQ003305,20260310,2,Clarity,Negative,2026-03-10 14:17
FB000863,REQ009138,20250629,4,Staff Support,Positive,2025-06-29 13:59
FB000864,REQ008032,20250727,3,Wait Time,Neutral,2025-07-27 04:30
FB000865,REQ004790,20260520,2,Outcome,Negative,2026-05-20 01:50
FB000866,REQ008045,20251008,4,Staff Support,Positive,2025-10-08 08:05
FB000867,REQ001531,20251003,2,Outcome,Negative,2025-10-03 16:24
FB000868,REQ006510,20260531,4,Outcome,Positive,2026-05-31 08:12
FB000869,REQ003485,20250830,3,Outcome,Neutral,2025-08-30 06:49
FB000870,REQ001414,20250702,3,Clarity,Neutral,2025-07-02 15:43
FB000871,REQ002812,20250904,4,Staff Support,Positive,2025-09-04 04:25
FB000872,REQ002446,20251129,2,Usability,Negative,2025-11-29 12:09
FB000873,REQ009305,20250610,2,Usability,Negative,2025-06-10 11:43
FB000874,REQ007416,20260408,4,Staff Support,Positive,2026-04-08 21:15
FB000875,REQ007335,20250627,5,Staff Support,Positive,2025-06-27 15:24
FB000876,REQ005377,20260303,5,Wait Time,Positive,2026-03-03 07:14
FB000877,REQ007219,20260109,4,Clarity,Positive,2026-01-09 20:50
FB000878,REQ002892,20250625,4,Staff Support,Positive,2025-06-25 17:52
FB000879,REQ009392,20250911,5,Usability,Positive,2025-09-11 06:38
FB000880,REQ006894,20260427,2,Clarity,Negative,2026-04-27 20:33
FB000881,REQ009110,20260531,4,Staff Support,Positive,2026-05-31 08:40
FB000882,REQ001829,20260521,4,Staff Support,Positive,2026-05-21 16:58
FB000883,REQ004246,20250722,5,Usability,Positive,2025-07-22 04:41
FB000884,REQ008852,20250809,3,Wait Time,Neutral,2025-08-09 08:09
FB000885,REQ005911,20251109,4,Wait Time,Positive,2025-11-09 07:38
FB000886,REQ009456,20250624,2,Usability,Negative,2025-06-24 00:46
FB000887,REQ003389,20251010,4,Clarity,Positive,2025-10-10 11:48
FB000888,REQ002375,20260208,4,Staff Support,Positive,2026-02-08 09:42
FB000889,REQ001073,20260119,3,Usability,Neutral,2026-01-19 16:06
FB000890,REQ005737,20260313,3,Staff Support,Neutral,2026-03-13 17:50
FB000891,REQ008101,20250827,5,Wait Time,Positive,2025-08-27 12:37
FB000892,REQ003718,20251211,3,Wait Time,Neutral,2025-12-11 02:37
FB000893,REQ000666,20250721,3,Staff Support,Neutral,2025-07-21 08:20
FB000894,REQ007755,20250628,5,Outcome,Positive,2025-06-28 09:27
FB000895,REQ000260,20250806,1,Usability,Negative,2025-08-06 16:45
FB000896,REQ000210,20260105,3,Staff Support,Neutral,2026-01-05 08:02
FB000897,REQ008059,20260425,3,Wait Time,Neutral,2026-04-25 19:33
FB000898,REQ009898,20250627,4,Usability,Positive,2025-06-27 08:56
FB000899,REQ008114,20251004,5,Usability,Positive,2025-10-04 20:58
FB000900,REQ005413,20250603,5,Clarity,Positive,2025-06-03 08:49
FB000901,REQ008001,20260204,2,Staff Support,Negative,2026-02-04 03:20
FB000902,REQ008813,20260520,3,Clarity,Neutral,2026-05-20 08:59
FB000903,REQ006763,20250724,3,Staff Support,Neutral,2025-07-24 08:01
FB000904,REQ000262,20260217,4,Staff Support,Positive,2026-02-17 11:53
FB000905,REQ006188,20250930,5,Wait Time,Positive,2025-09-30 17:29
FB000906,REQ005118,20260110,4,Outcome,Positive,2026-01-10 15:12
FB000907,REQ005468,20251023,2,Outcome,Negative,2025-10-23 16:05
FB000908,REQ000932,20250713,3,Usability,Neutral,2025-07-13 08:43
FB000909,REQ007859,20250616,3,Staff Support,Neutral,2025-06-16 07:57
FB000910,REQ003541,20250822,3,Clarity,Neutral,2025-08-22 16:45
FB000911,REQ004636,20260511,3,Outcome,Neutral,2026-05-11 23:02
FB000912,REQ003410,20260128,3,Wait Time,Neutral,2026-01-28 04:31
FB000913,REQ001456,20250730,3,Outcome,Neutral,2025-07-30 07:01
FB000914,REQ002900,20250908,5,Wait Time,Positive,2025-09-08 15:39
FB000915,REQ000560,20251212,5,Usability,Positive,2025-12-12 04:26
FB000916,REQ003725,20250708,3,Usability,Neutral,2025-07-08 14:13
FB000917,REQ000434,20251017,5,Staff Support,Positive,2025-10-17 10:12
FB000918,REQ005851,20260515,4,Usability,Positive,2026-05-15 00:00
FB000919,REQ008534,20260507,2,Wait Time,Negative,2026-05-07 02:46
FB000920,REQ002399,20260428,2,Staff Support,Negative,2026-04-28 07:18
FB000921,REQ002688,20260120,3,Wait Time,Neutral,2026-01-20 06:03
FB000922,REQ002752,20260218,4,Staff Support,Positive,2026-02-18 08:27
FB000923,REQ007604,20251014,4,Outcome,Positive,2025-10-14 20:52
FB000924,REQ001206,20250909,1,Clarity,Negative,2025-09-09 04:24
FB000925,REQ009419,20251210,1,Usability,Negative,2025-12-10 02:06
FB000926,REQ007082,20260523,4,Wait Time,Positive,2026-05-23 03:30
FB000927,REQ008205,20251229,3,Wait Time,Neutral,2025-12-29 14:03
FB000928,REQ004638,20250926,3,Outcome,Neutral,2025-09-26 15:46
FB000929,REQ006469,20250610,4,Wait Time,Positive,2025-06-10 23:45
FB000930,REQ008759,20260130,1,Outcome,Negative,2026-01-30 16:53
FB000931,REQ004154,20251029,4,Clarity,Positive,2025-10-29 13:41
FB000932,REQ003652,20250812,5,Usability,Positive,2025-08-12 12:55
FB000933,REQ001938,20260525,3,Outcome,Neutral,2026-05-25 22:00
FB000934,REQ008708,20260126,3,Clarity,Neutral,2026-01-26 06:13
FB000935,REQ005320,20260510,5,Staff Support,Positive,2026-05-10 12:48
FB000936,REQ003850,20250711,5,Wait Time,Positive,2025-07-11 02:56
FB000937,REQ008292,20260212,3,Wait Time,Neutral,2026-02-12 10:16
FB000938,REQ006779,20260429,4,Wait Time,Positive,2026-04-29 18:00
FB000939,REQ002891,20260520,5,Wait Time,Positive,2026-05-20 22:02
FB000940,REQ002917,20260124,4,Usability,Positive,2026-01-24 09:09
FB000941,REQ003735,20250725,5,Usability,Positive,2025-07-25 18:44
FB000942,REQ002822,20260419,3,Clarity,Neutral,2026-04-19 08:06
FB000943,REQ002642,20260319,1,Wait Time,Negative,2026-03-19 02:19
FB000944,REQ008651,20251118,5,Staff Support,Positive,2025-11-18 02:55
FB000945,REQ003205,20251103,2,Staff Support,Negative,2025-11-03 14:40
FB000946,REQ007163,20260412,3,Usability,Neutral,2026-04-12 11:42
FB000947,REQ006209,20250701,2,Usability,Negative,2025-07-01 22:23
FB000948,REQ004367,20250909,4,Usability,Positive,2025-09-09 13:32
FB000949,REQ008595,20260512,3,Wait Time,Neutral,2026-05-12 02:56
FB000950,REQ000221,20250628,2,Outcome,Negative,2025-06-28 11:54
FB000951,REQ007640,20250816,3,Outcome,Neutral,2025-08-16 11:26
FB000952,REQ006954,20260421,3,Wait Time,Neutral,2026-04-21 21:15
FB000953,REQ004224,20260408,3,Usability,Neutral,2026-04-08 22:31
FB000954,REQ001182,20260204,4,Staff Support,Positive,2026-02-04 02:08
FB000955,REQ003162,20260531,1,Wait Time,Negative,2026-05-31 03:47
FB000956,REQ003113,20251018,3,Wait Time,Neutral,2025-10-18 05:18
FB000957,REQ008332,20251230,4,Clarity,Positive,2025-12-30 00:34
FB000958,REQ004854,20260407,4,Wait Time,Positive,2026-04-07 08:47
FB000959,REQ001917,20250621,5,Outcome,Positive,2025-06-21 17:22
FB000960,REQ002792,20260527,3,Staff Support,Neutral,2026-05-27 00:35
FB000961,REQ000691,20250606,5,Outcome,Positive,2025-06-06 18:05
FB000962,REQ000284,20250814,5,Usability,Positive,2025-08-14 11:50
FB000963,REQ004760,20250622,4,Outcome,Positive,2025-06-22 10:32
FB000964,REQ004545,20260419,4,Usability,Positive,2026-04-19 13:37
FB000965,REQ006144,20250622,2,Staff Support,Negative,2025-06-22 09:55
FB000966,REQ000692,20260309,3,Wait Time,Neutral,2026-03-09 02:54
FB000967,REQ008949,20250924,4,Wait Time,Positive,2025-09-24 09:57
FB000968,REQ005093,20250906,3,Clarity,Neutral,2025-09-06 20:43
FB000969,REQ000712,20251011,2,Wait Time,Negative,2025-10-11 16:55
FB000970,REQ009057,20250608,2,Wait Time,Negative,2025-06-08 04:06
FB000971,REQ001826,20250923,4,Wait Time,Positive,2025-09-23 11:52
FB000972,REQ001253,20250724,3,Wait Time,Neutral,2025-07-24 18:00
FB000973,REQ004368,20260120,5,Wait Time,Positive,2026-01-20 06:28
FB000974,REQ002630,20260404,3,Usability,Neutral,2026-04-04 01:00
FB000975,REQ007264,20251213,5,Wait Time,Positive,2025-12-13 10:37
FB000976,REQ007647,20250806,5,Outcome,Positive,2025-08-06 05:00
FB000977,REQ004049,20260529,4,Wait Time,Positive,2026-05-29 18:04
FB000978,REQ009543,20260408,5,Clarity,Positive,2026-04-08 11:31
FB000979,REQ006595,20250623,3,Outcome,Neutral,2025-06-23 02:33
FB000980,REQ008983,20260204,4,Outcome,Positive,2026-02-04 00:46
FB000981,REQ007298,20260516,4,Usability,Positive,2026-05-16 13:13
FB000982,REQ005930,20260128,4,Usability,Positive,2026-01-28 13:08
FB000983,REQ004811,20260526,4,Outcome,Positive,2026-05-26 06:39
FB000984,REQ002805,20251201,5,Staff Support,Positive,2025-12-01 09:52
FB000985,REQ005517,20251122,4,Clarity,Positive,2025-11-22 10:13
FB000986,REQ007600,20250921,4,Wait Time,Positive,2025-09-21 23:39
FB000987,REQ007067,20260419,5,Outcome,Positive,2026-04-19 17:15
FB000988,REQ009272,20250913,2,Outcome,Negative,2025-09-13 18:32
FB000989,REQ001633,20251217,2,Wait Time,Negative,2025-12-17 04:11
FB000990,REQ009903,20251125,4,Clarity,Positive,2025-11-25 08:57
FB000991,REQ002924,20260302,4,Clarity,Positive,2026-03-02 09:39
FB000992,REQ005826,20260403,4,Usability,Positive,2026-04-03 15:24
FB000993,REQ001189,20251208,4,Staff Support,Positive,2025-12-08 18:08
FB000994,REQ004785,20250712,3,Wait Time,Neutral,2025-07-12 14:40
FB000995,REQ006477,20250621,5,Staff Support,Positive,2025-06-21 13:13
FB000996,REQ007678,20250731,3,Wait Time,Neutral,2025-07-31 07:18
FB000997,REQ005804,20260116,3,Usability,Neutral,2026-01-16 12:59
FB000998,REQ008721,20251006,5,Clarity,Positive,2025-10-06 12:10
FB000999,REQ006968,20250820,5,Usability,Positive,2025-08-20 05:08
FB001000,REQ006176,20260427,5,Wait Time,Positive,2026-04-27 19:42
FB001001,REQ008959,20260201,4,Staff Support,Positive,2026-02-01 11:05
FB001002,REQ007923,20250626,1,Clarity,Negative,2025-06-26 11:51
FB001003,REQ002852,20250831,3,Clarity,Neutral,2025-08-31 20:29
FB001004,REQ008652,20260222,5,Staff Support,Positive,2026-02-22 16:10
FB001005,REQ008041,20250716,5,Clarity,Positive,2025-07-16 17:03
FB001006,REQ001891,20251202,5,Clarity,Positive,2025-12-02 00:16
FB001007,REQ000546,20260514,2,Staff Support,Negative,2026-05-14 15:11
FB001008,REQ007704,20260409,3,Staff Support,Neutral,2026-04-09 20:20
FB001009,REQ008182,20251114,2,Usability,Negative,2025-11-14 22:35
FB001010,REQ004669,20250724,4,Wait Time,Positive,2025-07-24 21:56
FB001011,REQ009798,20260508,4,Wait Time,Positive,2026-05-08 02:55
FB001012,REQ006534,20250905,3,Outcome,Neutral,2025-09-05 17:38
FB001013,REQ004081,20260202,4,Clarity,Positive,2026-02-02 07:18
FB001014,REQ002032,20250714,3,Staff Support,Neutral,2025-07-14 15:11
FB001015,REQ007086,20250728,3,Wait Time,Neutral,2025-07-28 13:55
FB001016,REQ008016,20260314,3,Outcome,Neutral,2026-03-14 07:41
FB001017,REQ001571,20250707,4,Usability,Positive,2025-07-07 04:56
FB001018,REQ006338,20251115,3,Wait Time,Neutral,2025-11-15 18:50
FB001019,REQ003135,20251011,3,Wait Time,Neutral,2025-10-11 17:30
FB001020,REQ001398,20250822,5,Clarity,Positive,2025-08-22 03:39
FB001021,REQ004865,20251119,5,Staff Support,Positive,2025-11-19 05:46
FB001022,REQ005139,20250927,5,Clarity,Positive,2025-09-27 08:27
FB001023,REQ007926,20260113,4,Staff Support,Positive,2026-01-13 01:53
FB001024,REQ003143,20260410,2,Clarity,Negative,2026-04-10 12:23
FB001025,REQ007591,20251109,4,Wait Time,Positive,2025-11-09 23:21
FB001026,REQ006377,20250622,3,Staff Support,Neutral,2025-06-22 15:34
FB001027,REQ000266,20251205,3,Staff Support,Neutral,2025-12-05 11:41
FB001028,REQ003174,20251015,5,Outcome,Positive,2025-10-15 15:02
FB001029,REQ003433,20260228,5,Usability,Positive,2026-02-28 10:01
FB001030,REQ007325,20250814,1,Staff Support,Negative,2025-08-14 15:41
FB001031,REQ006600,20260421,4,Staff Support,Positive,2026-04-21 18:27
FB001032,REQ003900,20250928,2,Usability,Negative,2025-09-28 15:16
FB001033,REQ000818,20251212,4,Usability,Positive,2025-12-12 21:35
FB001034,REQ007192,20251213,4,Wait Time,Positive,2025-12-13 05:06
FB001035,REQ007145,20260429,4,Staff Support,Positive,2026-04-29 01:39
FB001036,REQ000064,20250817,4,Wait Time,Positive,2025-08-17 07:32
FB001037,REQ002578,20250919,4,Usability,Positive,2025-09-19 15:29
FB001038,REQ004377,20250629,3,Usability,Neutral,2025-06-29 05:00
FB001039,REQ007628,20250817,4,Staff Support,Positive,2025-08-17 01:35
FB001040,REQ004556,20260114,2,Outcome,Negative,2026-01-14 05:05
FB001041,REQ000693,20250922,4,Wait Time,Positive,2025-09-22 07:17
FB001042,REQ007841,20260211,2,Usability,Negative,2026-02-11 19:39
FB001043,REQ006603,20260227,4,Usability,Positive,2026-02-27 21:44
FB001044,REQ009363,20260421,3,Clarity,Neutral,2026-04-21 19:30
FB001045,REQ009052,20260407,5,Outcome,Positive,2026-04-07 08:27
FB001046,REQ005975,20251219,4,Usability,Positive,2025-12-19 10:03
FB001047,REQ003897,20250722,5,Wait Time,Positive,2025-07-22 01:56
FB001048,REQ002182,20250923,4,Usability,Positive,2025-09-23 06:55
FB001049,REQ005497,20251204,1,Staff Support,Negative,2025-12-04 21:46
FB001050,REQ001354,20260428,4,Usability,Positive,2026-04-28 10:30
FB001051,REQ000112,20260518,3,Outcome,Neutral,2026-05-18 05:03
FB001052,REQ000326,20260415,5,Usability,Positive,2026-04-15 21:16
FB001053,REQ005318,20251120,3,Usability,Neutral,2025-11-20 16:36
FB001054,REQ002854,20251104,4,Clarity,Positive,2025-11-04 11:47
FB001055,REQ007541,20250913,3,Wait Time,Neutral,2025-09-13 11:23
FB001056,REQ001230,20260228,5,Outcome,Positive,2026-02-28 18:15
FB001057,REQ006295,20250829,4,Wait Time,Positive,2025-08-29 13:48
FB001058,REQ007061,20251012,4,Staff Support,Positive,2025-10-12 18:12
FB001059,REQ004979,20260312,2,Clarity,Negative,2026-03-12 10:16
FB001060,REQ000564,20260419,5,Staff Support,Positive,2026-04-19 09:57
FB001061,REQ007053,20250813,4,Outcome,Positive,2025-08-13 23:02
FB001062,REQ008316,20250702,2,Wait Time,Negative,2025-07-02 15:01
FB001063,REQ005813,20260528,5,Wait Time,Positive,2026-05-28 23:43
FB001064,REQ005336,20260204,5,Wait Time,Positive,2026-02-04 08:45
FB001065,REQ002790,20250719,3,Wait Time,Neutral,2025-07-19 21:10
FB001066,REQ003254,20260501,4,Wait Time,Positive,2026-05-01 00:27
FB001067,REQ008146,20250708,4,Clarity,Positive,2025-07-08 06:33
FB001068,REQ008046,20250819,3,Usability,Neutral,2025-08-19 05:26
FB001069,REQ002481,20250728,3,Wait Time,Neutral,2025-07-28 17:30
FB001070,REQ007364,20251129,3,Usability,Neutral,2025-11-29 06:51
FB001071,REQ009964,20260522,3,Outcome,Neutral,2026-05-22 01:34
FB001072,REQ006646,20260526,3,Staff Support,Neutral,2026-05-26 22:04
FB001073,REQ007750,20250705,4,Clarity,Positive,2025-07-05 10:17
FB001074,REQ000423,20251031,4,Staff Support,Positive,2025-10-31 09:10
FB001075,REQ004530,20250814,4,Usability,Positive,2025-08-14 07:38
FB001076,REQ006185,20260221,4,Wait Time,Positive,2026-02-21 01:04
FB001077,REQ001759,20250826,3,Staff Support,Neutral,2025-08-26 06:45
FB001078,REQ005769,20251015,4,Wait Time,Positive,2025-10-15 04:01
FB001079,REQ009502,20250613,2,Wait Time,Negative,2025-06-13 15:49
FB001080,REQ007091,20250701,4,Usability,Positive,2025-07-01 21:18
FB001081,REQ004461,20250616,1,Usability,Negative,2025-06-16 00:53
FB001082,REQ002676,20250808,2,Outcome,Negative,2025-08-08 03:54
FB001083,REQ005559,20251203,2,Wait Time,Negative,2025-12-03 19:29
FB001084,REQ009231,20251111,4,Wait Time,Positive,2025-11-11 07:08
FB001085,REQ003186,20260525,5,Staff Support,Positive,2026-05-25 07:45
FB001086,REQ009318,20250723,4,Wait Time,Positive,2025-07-23 01:43
FB001087,REQ008807,20251029,3,Outcome,Neutral,2025-10-29 02:11
FB001088,REQ000894,20260502,3,Wait Time,Neutral,2026-05-02 19:14
FB001089,REQ001568,20251011,3,Clarity,Neutral,2025-10-11 23:39
FB001090,REQ002174,20250613,4,Clarity,Positive,2025-06-13 22:04
FB001091,REQ008974,20251010,4,Wait Time,Positive,2025-10-10 11:23
FB001092,REQ004245,20260115,3,Wait Time,Neutral,2026-01-15 14:25
FB001093,REQ007337,20250731,5,Staff Support,Positive,2025-07-31 12:43
FB001094,REQ004479,20260515,5,Staff Support,Positive,2026-05-15 12:12
FB001095,REQ009656,20260326,5,Wait Time,Positive,2026-03-26 23:16
FB001096,REQ003439,20250705,4,Usability,Positive,2025-07-05 09:38
FB001097,REQ008712,20250626,2,Staff Support,Negative,2025-06-26 05:06
FB001098,REQ004070,20250826,3,Clarity,Neutral,2025-08-26 16:46
FB001099,REQ005849,20251230,3,Staff Support,Neutral,2025-12-30 14:50
FB001100,REQ005881,20250821,3,Usability,Neutral,2025-08-21 02:17
FB001101,REQ007921,20250728,4,Usability,Positive,2025-07-28 05:07
FB001102,REQ008221,20251107,3,Outcome,Neutral,2025-11-07 05:07
FB001103,REQ009508,20250623,4,Outcome,Positive,2025-06-23 03:06
FB001104,REQ002149,20260103,2,Clarity,Negative,2026-01-03 23:38
FB001105,REQ003693,20260328,4,Usability,Positive,2026-03-28 20:50
FB001106,REQ005816,20251117,4,Usability,Positive,2025-11-17 21:09
FB001107,REQ009046,20251002,3,Staff Support,Neutral,2025-10-02 09:32
FB001108,REQ005784,20250728,3,Staff Support,Neutral,2025-07-28 12:46
FB001109,REQ005808,20260315,5,Staff Support,Positive,2026-03-15 04:39
FB001110,REQ004690,20250817,4,Wait Time,Positive,2025-08-17 20:00
FB001111,REQ001112,20260220,5,Staff Support,Positive,2026-02-20 05:20
FB001112,REQ002751,20250616,3,Staff Support,Neutral,2025-06-16 06:03
FB001113,REQ006342,20250912,4,Usability,Positive,2025-09-12 13:33
FB001114,REQ008269,20250820,5,Wait Time,Positive,2025-08-20 02:41
FB001115,REQ002632,20260329,3,Usability,Neutral,2026-03-29 00:55
FB001116,REQ003539,20251202,4,Outcome,Positive,2025-12-02 22:02
FB001117,REQ004804,20260529,4,Usability,Positive,2026-05-29 23:24
FB001118,REQ000310,20251021,3,Usability,Neutral,2025-10-21 02:55
FB001119,REQ007009,20251124,4,Usability,Positive,2025-11-24 11:52
FB001120,REQ008215,20260417,5,Outcome,Positive,2026-04-17 05:11
FB001121,REQ008529,20250814,5,Staff Support,Positive,2025-08-14 14:11
FB001122,REQ007742,20260201,3,Clarity,Neutral,2026-02-01 22:20
FB001123,REQ000836,20250830,3,Wait Time,Neutral,2025-08-30 09:59
FB001124,REQ000679,20260412,3,Staff Support,Neutral,2026-04-12 00:14
FB001125,REQ005182,20260110,4,Clarity,Positive,2026-01-10 00:10
FB001126,REQ006171,20251026,3,Clarity,Neutral,2025-10-26 01:30
FB001127,REQ005928,20250907,4,Clarity,Positive,2025-09-07 01:25
FB001128,REQ001131,20260326,3,Wait Time,Neutral,2026-03-26 15:09
FB001129,REQ007761,20251230,5,Clarity,Positive,2025-12-30 12:10
FB001130,REQ005450,20251109,4,Clarity,Positive,2025-11-09 23:12
FB001131,REQ009417,20250818,3,Outcome,Neutral,2025-08-18 13:21
FB001132,REQ004836,20250805,5,Wait Time,Positive,2025-08-05 02:28
FB001133,REQ009249,20251014,5,Usability,Positive,2025-10-14 05:39
FB001134,REQ002567,20260423,2,Staff Support,Negative,2026-04-23 19:04
FB001135,REQ004455,20260116,4,Staff Support,Positive,2026-01-16 13:16
FB001136,REQ001044,20251203,4,Outcome,Positive,2025-12-03 00:24
FB001137,REQ002599,20260106,4,Outcome,Positive,2026-01-06 15:09
FB001138,REQ004696,20250723,4,Wait Time,Positive,2025-07-23 10:58
FB001139,REQ004833,20251201,3,Wait Time,Neutral,2025-12-01 06:01
FB001140,REQ000404,20251019,3,Staff Support,Neutral,2025-10-19 22:36
FB001141,REQ004126,20250823,2,Outcome,Negative,2025-08-23 03:01
FB001142,REQ006959,20260420,3,Usability,Neutral,2026-04-20 13:26
FB001143,REQ004894,20250809,1,Wait Time,Negative,2025-08-09 14:33
FB001144,REQ004398,20260315,4,Staff Support,Positive,2026-03-15 18:34
FB001145,REQ008122,20260413,3,Clarity,Neutral,2026-04-13 02:33
FB001146,REQ004218,20260525,4,Outcome,Positive,2026-05-25 05:23
FB001147,REQ004345,20260522,3,Outcome,Neutral,2026-05-22 04:36
FB001148,REQ004970,20260122,4,Wait Time,Positive,2026-01-22 00:23
FB001149,REQ002495,20260324,5,Usability,Positive,2026-03-24 17:12
FB001150,REQ003140,20251018,4,Outcome,Positive,2025-10-18 17:29
FB001151,REQ002263,20251024,4,Clarity,Positive,2025-10-24 19:44
FB001152,REQ008660,20260226,2,Clarity,Negative,2026-02-26 02:42
FB001153,REQ006790,20260210,4,Usability,Positive,2026-02-10 05:54
FB001154,REQ006710,20260105,5,Usability,Positive,2026-01-05 19:04
FB001155,REQ003811,20250620,5,Clarity,Positive,2025-06-20 23:37
FB001156,REQ003180,20251029,3,Usability,Neutral,2025-10-29 06:57
FB001157,REQ009579,20260216,3,Staff Support,Neutral,2026-02-16 08:48
FB001158,REQ000943,20251214,5,Staff Support,Positive,2025-12-14 19:00
FB001159,REQ009343,20251013,4,Wait Time,Positive,2025-10-13 14:52
FB001160,REQ004640,20260222,4,Staff Support,Positive,2026-02-22 13:45
FB001161,REQ006970,20250706,3,Outcome,Neutral,2025-07-06 04:24
FB001162,REQ004605,20260531,5,Staff Support,Positive,2026-05-31 17:59
FB001163,REQ007601,20251205,4,Clarity,Positive,2025-12-05 20:25
FB001164,REQ009189,20251121,4,Staff Support,Positive,2025-11-21 12:35
FB001165,REQ001711,20250613,2,Usability,Negative,2025-06-13 07:26
FB001166,REQ007076,20251110,1,Usability,Negative,2025-11-10 17:03
FB001167,REQ007244,20251027,4,Clarity,Positive,2025-10-27 05:02
FB001168,REQ008167,20260227,3,Wait Time,Neutral,2026-02-27 02:54
FB001169,REQ001588,20251208,2,Wait Time,Negative,2025-12-08 16:13
FB001170,REQ003109,20260223,2,Usability,Negative,2026-02-23 13:52
FB001171,REQ004376,20251205,5,Staff Support,Positive,2025-12-05 09:16
FB001172,REQ006910,20260502,3,Outcome,Neutral,2026-05-02 19:24
FB001173,REQ004088,20250818,4,Outcome,Positive,2025-08-18 19:55
FB001174,REQ008919,20260308,2,Usability,Negative,2026-03-08 13:45
FB001175,REQ008483,20250811,3,Outcome,Neutral,2025-08-11 04:23
FB001176,REQ005765,20260320,5,Clarity,Positive,2026-03-20 11:39
FB001177,REQ006760,20260308,5,Clarity,Positive,2026-03-08 13:44
FB001178,REQ002092,20250901,4,Staff Support,Positive,2025-09-01 13:38
FB001179,REQ002610,20250912,5,Clarity,Positive,2025-09-12 15:41
FB001180,REQ005391,20250820,3,Staff Support,Neutral,2025-08-20 17:06
FB001181,REQ003478,20250727,5,Wait Time,Positive,2025-07-27 07:08
FB001182,REQ001841,20250618,3,Usability,Neutral,2025-06-18 07:44
FB001183,REQ009335,20260118,3,Staff Support,Neutral,2026-01-18 19:02
FB001184,REQ001653,20260403,4,Outcome,Positive,2026-04-03 02:07
FB001185,REQ004244,20250630,4,Clarity,Positive,2025-06-30 12:18
FB001186,REQ006791,20260216,4,Clarity,Positive,2026-02-16 09:06
FB001187,REQ008617,20251005,5,Outcome,Positive,2025-10-05 01:24
FB001188,REQ009790,20260204,3,Clarity,Neutral,2026-02-04 20:33
FB001189,REQ001874,20260406,3,Outcome,Neutral,2026-04-06 05:51
FB001190,REQ009153,20260203,5,Staff Support,Positive,2026-02-03 01:48
FB001191,REQ001627,20251004,4,Clarity,Positive,2025-10-04 09:37
FB001192,REQ003987,20260214,4,Wait Time,Positive,2026-02-14 04:05
FB001193,REQ000094,20251124,4,Clarity,Positive,2025-11-24 06:27
FB001194,REQ005269,20250726,3,Wait Time,Neutral,2025-07-26 19:31
FB001195,REQ001710,20260414,4,Usability,Positive,2026-04-14 02:58
FB001196,REQ005535,20260303,4,Usability,Positive,2026-03-03 08:39
FB001197,REQ008995,20250621,4,Clarity,Positive,2025-06-21 13:38
FB001198,REQ001544,20250626,4,Usability,Positive,2025-06-26 01:27
FB001199,REQ008370,20260423,3,Staff Support,Neutral,2026-04-23 03:39
FB001200,REQ006085,20260408,5,Clarity,Positive,2026-04-08 10:53
FB001201,REQ007227,20250826,4,Staff Support,Positive,2025-08-26 22:24
FB001202,REQ000509,20260124,3,Clarity,Neutral,2026-01-24 18:08
FB001203,REQ006648,20250818,3,Staff Support,Neutral,2025-08-18 12:57
FB001204,REQ006667,20250919,3,Wait Time,Neutral,2025-09-19 07:21
FB001205,REQ005686,20251014,3,Wait Time,Neutral,2025-10-14 05:33
FB001206,REQ007653,20250807,4,Outcome,Positive,2025-08-07 20:56
FB001207,REQ008724,20250926,2,Usability,Negative,2025-09-26 09:05
FB001208,REQ003349,20251019,3,Outcome,Neutral,2025-10-19 12:34
FB001209,REQ006936,20250916,4,Usability,Positive,2025-09-16 19:55
FB001210,REQ003783,20251001,4,Wait Time,Positive,2025-10-01 03:14
FB001211,REQ001287,20260314,3,Wait Time,Neutral,2026-03-14 22:34
FB001212,REQ002825,20260310,3,Staff Support,Neutral,2026-03-10 04:35
FB001213,REQ007303,20250719,3,Wait Time,Neutral,2025-07-19 21:44
FB001214,REQ001625,20260511,3,Outcome,Neutral,2026-05-11 21:24
FB001215,REQ007596,20260327,4,Outcome,Positive,2026-03-27 23:37
FB001216,REQ002335,20260502,3,Staff Support,Neutral,2026-05-02 02:49
FB001217,REQ005286,20251002,3,Wait Time,Neutral,2025-10-02 17:01
FB001218,REQ008208,20260531,5,Usability,Positive,2026-05-31 19:03
FB001219,REQ002140,20260201,3,Staff Support,Neutral,2026-02-01 00:32
FB001220,REQ007989,20251012,4,Clarity,Positive,2025-10-12 17:42
FB001221,REQ009810,20260224,5,Usability,Positive,2026-02-24 14:57
FB001222,REQ005064,20251009,3,Clarity,Neutral,2025-10-09 13:05
FB001223,REQ006030,20251026,3,Outcome,Neutral,2025-10-26 14:13
FB001224,REQ006033,20250816,4,Outcome,Positive,2025-08-16 16:42
FB001225,REQ000062,20250824,3,Usability,Neutral,2025-08-24 23:38
FB001226,REQ005569,20260528,1,Clarity,Negative,2026-05-28 21:17
FB001227,REQ001705,20260510,4,Staff Support,Positive,2026-05-10 04:34
FB001228,REQ003600,20260531,3,Usability,Neutral,2026-05-31 17:36
FB001229,REQ001474,20250902,5,Staff Support,Positive,2025-09-02 05:55
FB001230,REQ007930,20260428,3,Wait Time,Neutral,2026-04-28 14:05
FB001231,REQ005792,20260109,4,Usability,Positive,2026-01-09 13:37
FB001232,REQ003257,20251002,2,Usability,Negative,2025-10-02 16:35
FB001233,REQ004649,20251006,3,Usability,Neutral,2025-10-06 16:48
FB001234,REQ003446,20260408,4,Wait Time,Positive,2026-04-08 13:41
FB001235,REQ005046,20260112,3,Wait Time,Neutral,2026-01-12 11:24
FB001236,REQ008081,20251124,2,Wait Time,Negative,2025-11-24 19:45
FB001237,REQ001629,20251213,5,Staff Support,Positive,2025-12-13 03:03
FB001238,REQ008468,20260130,5,Usability,Positive,2026-01-30 16:41
FB001239,REQ002819,20260402,4,Clarity,Positive,2026-04-02 02:05
FB001240,REQ009230,20260307,1,Clarity,Negative,2026-03-07 02:25
FB001241,REQ006967,20251022,5,Usability,Positive,2025-10-22 02:10
FB001242,REQ006272,20251211,4,Usability,Positive,2025-12-11 01:03
FB001243,REQ006257,20250811,2,Outcome,Negative,2025-08-11 12:14
FB001244,REQ002828,20250920,4,Wait Time,Positive,2025-09-20 19:01
FB001245,REQ009959,20250811,5,Usability,Positive,2025-08-11 09:42
FB001246,REQ008560,20260501,4,Outcome,Positive,2026-05-01 05:06
FB001247,REQ001743,20260216,3,Clarity,Neutral,2026-02-16 22:02
FB001248,REQ006406,20260104,3,Usability,Neutral,2026-01-04 05:56
FB001249,REQ009841,20251003,5,Usability,Positive,2025-10-03 02:50
FB001250,REQ005833,20250728,3,Clarity,Neutral,2025-07-28 00:13
FB001251,REQ005488,20260303,3,Clarity,Neutral,2026-03-03 03:41
FB001252,REQ007185,20250926,5,Staff Support,Positive,2025-09-26 10:51
FB001253,REQ007567,20260128,5,Clarity,Positive,2026-01-28 07:22
FB001254,REQ009956,20250924,5,Clarity,Positive,2025-09-24 09:07
FB001255,REQ002039,20260302,4,Wait Time,Positive,2026-03-02 23:40
FB001256,REQ002601,20250906,5,Wait Time,Positive,2025-09-06 16:18
FB001257,REQ007788,20260218,4,Outcome,Positive,2026-02-18 03:51
FB001258,REQ006352,20260504,1,Usability,Negative,2026-05-04 23:28
FB001259,REQ000909,20251017,1,Outcome,Negative,2025-10-17 22:03
FB001260,REQ008735,20251130,3,Outcome,Neutral,2025-11-30 02:55
FB001261,REQ001678,20250813,4,Outcome,Positive,2025-08-13 07:10
FB001262,REQ003111,20260504,5,Usability,Positive,2026-05-04 12:31
FB001263,REQ005053,20260525,4,Outcome,Positive,2026-05-25 23:14
FB001264,REQ004967,20250723,4,Clarity,Positive,2025-07-23 22:15
FB001265,REQ006340,20260111,4,Wait Time,Positive,2026-01-11 00:33
FB001266,REQ008052,20250711,4,Clarity,Positive,2025-07-11 21:49
FB001267,REQ007522,20260514,5,Wait Time,Positive,2026-05-14 23:52
FB001268,REQ009955,20251128,4,Staff Support,Positive,2025-11-28 08:30
FB001269,REQ004298,20250912,4,Outcome,Positive,2025-09-12 00:50
FB001270,REQ000493,20250810,3,Usability,Neutral,2025-08-10 22:49
FB001271,REQ009324,20250904,4,Staff Support,Positive,2025-09-04 07:01
FB001272,REQ004297,20250822,4,Staff Support,Positive,2025-08-22 23:19
FB001273,REQ005177,20260202,1,Wait Time,Negative,2026-02-02 01:59
FB001274,REQ007976,20251023,4,Wait Time,Positive,2025-10-23 16:24
FB001275,REQ002238,20260530,3,Outcome,Neutral,2026-05-30 20:21
FB001276,REQ000069,20250612,3,Clarity,Neutral,2025-06-12 11:25
FB001277,REQ002240,20250705,4,Usability,Positive,2025-07-05 04:53
FB001278,REQ003341,20260329,4,Wait Time,Positive,2026-03-29 15:52
FB001279,REQ004462,20260506,5,Wait Time,Positive,2026-05-06 10:14
FB001280,REQ003230,20260404,5,Staff Support,Positive,2026-04-04 19:38
FB001281,REQ002538,20260518,4,Wait Time,Positive,2026-05-18 13:41
FB001282,REQ007935,20260509,5,Outcome,Positive,2026-05-09 01:39
FB001283,REQ002696,20250814,5,Usability,Positive,2025-08-14 02:30
FB001284,REQ001565,20251030,4,Clarity,Positive,2025-10-30 20:48
FB001285,REQ004274,20260512,5,Outcome,Positive,2026-05-12 20:52
FB001286,REQ002234,20250723,3,Usability,Neutral,2025-07-23 13:53
FB001287,REQ009480,20250922,3,Outcome,Neutral,2025-09-22 08:06
FB001288,REQ002388,20250730,2,Usability,Negative,2025-07-30 00:30
FB001289,REQ002398,20260227,5,Staff Support,Positive,2026-02-27 12:45
FB001290,REQ007925,20260302,3,Outcome,Neutral,2026-03-02 01:38
FB001291,REQ007862,20250907,4,Staff Support,Positive,2025-09-07 01:57
FB001292,REQ002097,20251214,4,Outcome,Positive,2025-12-14 20:40
FB001293,REQ001550,20260517,5,Outcome,Positive,2026-05-17 13:57
FB001294,REQ007997,20251004,5,Outcome,Positive,2025-10-04 05:07
FB001295,REQ009116,20250820,3,Clarity,Neutral,2025-08-20 16:18
FB001296,REQ006929,20250908,5,Staff Support,Positive,2025-09-08 18:33
FB001297,REQ002547,20260302,5,Wait Time,Positive,2026-03-02 00:04
FB001298,REQ000901,20250629,4,Staff Support,Positive,2025-06-29 04:14
FB001299,REQ004446,20260512,4,Staff Support,Positive,2026-05-12 12:08
FB001300,REQ006903,20260401,4,Clarity,Positive,2026-04-01 10:58
FB001301,REQ000484,20250803,5,Staff Support,Positive,2025-08-03 00:47
FB001302,REQ004752,20251125,4,Outcome,Positive,2025-11-25 12:17
FB001303,REQ006909,20250829,3,Staff Support,Neutral,2025-08-29 19:04
FB001304,REQ006897,20260106,1,Usability,Negative,2026-01-06 21:49
FB001305,REQ006151,20251023,4,Wait Time,Positive,2025-10-23 17:25
FB001306,REQ009009,20260515,4,Clarity,Positive,2026-05-15 19:23
FB001307,REQ008774,20251211,3,Wait Time,Neutral,2025-12-11 03:47
FB001308,REQ007265,20260322,4,Outcome,Positive,2026-03-22 17:12
FB001309,REQ007679,20260319,4,Staff Support,Positive,2026-03-19 07:20
FB001310,REQ001421,20251005,3,Wait Time,Neutral,2025-10-05 13:07
FB001311,REQ003487,20260518,2,Staff Support,Negative,2026-05-18 21:03
FB001312,REQ000059,20250722,4,Wait Time,Positive,2025-07-22 18:34
FB001313,REQ002098,20250820,3,Clarity,Neutral,2025-08-20 21:48
FB001314,REQ003731,20260403,2,Outcome,Negative,2026-04-03 00:30
FB001315,REQ003572,20251005,4,Wait Time,Positive,2025-10-05 15:31
FB001316,REQ003238,20250901,5,Usability,Positive,2025-09-01 19:28
FB001317,REQ007992,20260321,5,Clarity,Positive,2026-03-21 09:42
FB001318,REQ005691,20260222,5,Staff Support,Positive,2026-02-22 21:06
FB001319,REQ003393,20260402,3,Usability,Neutral,2026-04-02 11:57
FB001320,REQ002657,20260422,3,Usability,Neutral,2026-04-22 13:53
FB001321,REQ009171,20251118,4,Staff Support,Positive,2025-11-18 19:01
FB001322,REQ003377,20260315,4,Outcome,Positive,2026-03-15 00:06
FB001323,REQ009793,20251101,3,Wait Time,Neutral,2025-11-01 15:06
FB001324,REQ001270,20260321,3,Usability,Neutral,2026-03-21 18:34
FB001325,REQ005388,20250904,5,Outcome,Positive,2025-09-04 09:21
FB001326,REQ005926,20260404,4,Wait Time,Positive,2026-04-04 05:57
FB001327,REQ000817,20250614,1,Outcome,Negative,2025-06-14 17:12
FB001328,REQ000191,20251223,5,Usability,Positive,2025-12-23 04:23
FB001329,REQ001602,20250702,5,Outcome,Positive,2025-07-02 09:28
FB001330,REQ003079,20260329,3,Wait Time,Neutral,2026-03-29 13:46
FB001331,REQ002781,20251019,3,Staff Support,Neutral,2025-10-19 07:51
FB001332,REQ003408,20250611,5,Outcome,Positive,2025-06-11 19:32
FB001333,REQ001223,20260416,4,Staff Support,Positive,2026-04-16 03:10
FB001334,REQ000607,20260405,4,Clarity,Positive,2026-04-05 17:04
FB001335,REQ002943,20251105,2,Staff Support,Negative,2025-11-05 17:13
FB001336,REQ007605,20260417,3,Wait Time,Neutral,2026-04-17 14:10
FB001337,REQ009126,20251010,3,Usability,Neutral,2025-10-10 17:57
FB001338,REQ008618,20251217,4,Outcome,Positive,2025-12-17 07:24
FB001339,REQ004475,20260206,3,Staff Support,Neutral,2026-02-06 01:37
FB001340,REQ002434,20260124,3,Clarity,Neutral,2026-01-24 23:12
FB001341,REQ001472,20251005,3,Clarity,Neutral,2025-10-05 18:52
FB001342,REQ002410,20251008,5,Staff Support,Positive,2025-10-08 08:42
FB001343,REQ002222,20260514,4,Outcome,Positive,2026-05-14 05:40
FB001344,REQ000164,20260112,4,Wait Time,Positive,2026-01-12 11:10
FB001345,REQ005812,20260526,4,Clarity,Positive,2026-05-26 22:05
FB001346,REQ004271,20260122,5,Staff Support,Positive,2026-01-22 19:34
FB001347,REQ006851,20250817,5,Outcome,Positive,2025-08-17 10:16
FB001348,REQ008408,20250825,1,Wait Time,Negative,2025-08-25 09:20
FB001349,REQ006141,20251013,5,Clarity,Positive,2025-10-13 11:07
FB001350,REQ009017,20250826,3,Outcome,Neutral,2025-08-26 14:13
FB001351,REQ004001,20250811,3,Clarity,Neutral,2025-08-11 15:24
FB001352,REQ009255,20250902,4,Usability,Positive,2025-09-02 08:47
FB001353,REQ005283,20250605,3,Usability,Neutral,2025-06-05 13:49
FB001354,REQ001997,20260325,5,Wait Time,Positive,2026-03-25 16:38
FB001355,REQ006508,20250716,2,Usability,Negative,2025-07-16 08:44
FB001356,REQ007392,20250907,3,Wait Time,Neutral,2025-09-07 03:39
FB001357,REQ002541,20250728,4,Outcome,Positive,2025-07-28 19:56
FB001358,REQ005076,20251031,3,Usability,Neutral,2025-10-31 20:48
FB001359,REQ004010,20250819,4,Staff Support,Positive,2025-08-19 04:30
FB001360,REQ003158,20260228,4,Usability,Positive,2026-02-28 11:10
FB001361,REQ008679,20250617,3,Clarity,Neutral,2025-06-17 07:55
FB001362,REQ004572,20251121,2,Wait Time,Negative,2025-11-21 08:22
FB001363,REQ000156,20250625,4,Outcome,Positive,2025-06-25 19:23
FB001364,REQ001701,20260131,2,Usability,Negative,2026-01-31 06:53
FB001365,REQ003826,20260409,4,Outcome,Positive,2026-04-09 09:05
FB001366,REQ004199,20260131,4,Clarity,Positive,2026-01-31 07:23
FB001367,REQ005729,20250718,5,Staff Support,Positive,2025-07-18 14:50
FB001368,REQ005719,20250728,5,Outcome,Positive,2025-07-28 22:18
FB001369,REQ007283,20251227,4,Clarity,Positive,2025-12-27 21:26
FB001370,REQ008111,20260301,4,Wait Time,Positive,2026-03-01 03:48
FB001371,REQ001948,20250823,3,Wait Time,Neutral,2025-08-23 21:18
FB001372,REQ007014,20260308,5,Outcome,Positive,2026-03-08 17:11
FB001373,REQ008715,20260201,2,Staff Support,Negative,2026-02-01 17:51
FB001374,REQ004771,20251219,1,Outcome,Negative,2025-12-19 06:09
FB001375,REQ007222,20260301,5,Wait Time,Positive,2026-03-01 09:46
FB001376,REQ009544,20250707,4,Outcome,Positive,2025-07-07 07:44
FB001377,REQ003894,20251105,4,Clarity,Positive,2025-11-05 13:51
FB001378,REQ009935,20260207,2,Wait Time,Negative,2026-02-07 04:37
FB001379,REQ006547,20260510,4,Wait Time,Positive,2026-05-10 20:48
FB001380,REQ004816,20260328,4,Wait Time,Positive,2026-03-28 13:45
FB001381,REQ006219,20251002,4,Clarity,Positive,2025-10-02 21:49
FB001382,REQ001535,20260329,4,Outcome,Positive,2026-03-29 01:19
FB001383,REQ004695,20251103,4,Staff Support,Positive,2025-11-03 04:12
FB001384,REQ009184,20251109,4,Wait Time,Positive,2025-11-09 02:05
FB001385,REQ005613,20250817,3,Usability,Neutral,2025-08-17 14:46
FB001386,REQ009029,20250906,3,Clarity,Neutral,2025-09-06 08:54
FB001387,REQ008458,20250610,5,Wait Time,Positive,2025-06-10 05:06
FB001388,REQ007901,20250723,4,Outcome,Positive,2025-07-23 03:26
FB001389,REQ000219,20251216,3,Staff Support,Neutral,2025-12-16 13:10
FB001390,REQ006062,20250630,4,Clarity,Positive,2025-06-30 03:28
FB001391,REQ003920,20251112,3,Wait Time,Neutral,2025-11-12 06:45
FB001392,REQ001543,20251021,4,Wait Time,Positive,2025-10-21 23:46
FB001393,REQ008261,20250913,5,Outcome,Positive,2025-09-13 17:57
FB001394,REQ009702,20250830,4,Clarity,Positive,2025-08-30 04:01
FB001395,REQ001560,20250806,3,Clarity,Neutral,2025-08-06 08:40
FB001396,REQ004903,20260207,4,Staff Support,Positive,2026-02-07 03:27
FB001397,REQ003209,20250811,3,Usability,Neutral,2025-08-11 01:02
FB001398,REQ005158,20251020,4,Wait Time,Positive,2025-10-20 12:36
FB001399,REQ007146,20251031,5,Outcome,Positive,2025-10-31 04:58
FB001400,REQ007213,20250604,5,Staff Support,Positive,2025-06-04 15:28
FB001401,REQ003573,20260425,3,Usability,Neutral,2026-04-25 01:45
FB001402,REQ008426,20250818,4,Staff Support,Positive,2025-08-18 02:11
FB001403,REQ000699,20251125,4,Usability,Positive,2025-11-25 14:55
FB001404,REQ000074,20260507,5,Wait Time,Positive,2026-05-07 04:55
FB001405,REQ009679,20251220,4,Staff Support,Positive,2025-12-20 07:29
FB001406,REQ008905,20250828,2,Usability,Negative,2025-08-28 07:53
FB001407,REQ000167,20260207,4,Outcome,Positive,2026-02-07 08:12
FB001408,REQ006855,20260406,2,Staff Support,Negative,2026-04-06 05:02
FB001409,REQ003145,20260529,3,Wait Time,Neutral,2026-05-29 23:54
FB001410,REQ009591,20250922,3,Clarity,Neutral,2025-09-22 21:40
FB001411,REQ008209,20250822,3,Outcome,Neutral,2025-08-22 05:57
FB001412,REQ009206,20250904,4,Usability,Positive,2025-09-04 07:38
FB001413,REQ006908,20251209,1,Clarity,Negative,2025-12-09 13:23
FB001414,REQ003007,20260427,4,Outcome,Positive,2026-04-27 09:28
FB001415,REQ007504,20251230,3,Usability,Neutral,2025-12-30 15:32
FB001416,REQ009320,20260221,4,Wait Time,Positive,2026-02-21 17:36
FB001417,REQ009646,20260404,2,Outcome,Negative,2026-04-04 18:32
FB001418,REQ002306,20260105,4,Wait Time,Positive,2026-01-05 03:27
FB001419,REQ005436,20251020,5,Wait Time,Positive,2025-10-20 00:45
FB001420,REQ001159,20260116,4,Outcome,Positive,2026-01-16 01:30
FB001421,REQ006226,20260502,5,Wait Time,Positive,2026-05-02 16:20
FB001422,REQ006200,20250810,2,Wait Time,Negative,2025-08-10 15:06
FB001423,REQ005309,20251008,4,Wait Time,Positive,2025-10-08 13:16
FB001424,REQ007466,20250822,4,Usability,Positive,2025-08-22 03:28
FB001425,REQ005113,20251205,1,Clarity,Negative,2025-12-05 18:19
FB001426,REQ008169,20260107,3,Clarity,Neutral,2026-01-07 14:11
FB001427,REQ007534,20251120,4,Outcome,Positive,2025-11-20 10:42
FB001428,REQ006761,20251101,3,Outcome,Neutral,2025-11-01 13:25
FB001429,REQ008388,20251201,4,Outcome,Positive,2025-12-01 18:27
FB001430,REQ009099,20260301,4,Outcome,Positive,2026-03-01 20:43
FB001431,REQ005524,20260531,5,Wait Time,Positive,2026-05-31 17:45
FB001432,REQ004581,20260321,4,Wait Time,Positive,2026-03-21 18:50
FB001433,REQ002961,20251227,5,Clarity,Positive,2025-12-27 03:00
FB001434,REQ000008,20251229,4,Outcome,Positive,2025-12-29 03:20
FB001435,REQ005103,20251017,5,Usability,Positive,2025-10-17 15:10
FB001436,REQ002519,20260221,4,Usability,Positive,2026-02-21 17:32
FB001437,REQ006492,20260114,5,Usability,Positive,2026-01-14 23:51
FB001438,REQ001034,20260205,4,Usability,Positive,2026-02-05 06:51
FB001439,REQ008604,20251107,5,Clarity,Positive,2025-11-07 19:10
FB001440,REQ006279,20260531,5,Staff Support,Positive,2026-05-31 21:49
FB001441,REQ006821,20250822,4,Usability,Positive,2025-08-22 01:34
FB001442,REQ001318,20251127,3,Wait Time,Neutral,2025-11-27 14:00
FB001443,REQ005800,20250815,1,Wait Time,Negative,2025-08-15 16:54
FB001444,REQ004567,20251203,5,Staff Support,Positive,2025-12-03 23:58
FB001445,REQ005506,20251122,4,Staff Support,Positive,2025-11-22 09:47
FB001446,REQ009105,20251202,4,Outcome,Positive,2025-12-02 02:50
FB001447,REQ007016,20260531,5,Outcome,Positive,2026-05-31 17:19
FB001448,REQ002109,20251116,1,Outcome,Negative,2025-11-16 17:41
FB001449,REQ000904,20250623,2,Wait Time,Negative,2025-06-23 18:12
FB001450,REQ005636,20250908,4,Usability,Positive,2025-09-08 23:06
FB001451,REQ007871,20250610,4,Wait Time,Positive,2025-06-10 16:37
FB001452,REQ007187,20250719,5,Staff Support,Positive,2025-07-19 08:25
FB001453,REQ005650,20260516,2,Wait Time,Negative,2026-05-16 20:54
FB001454,REQ004179,20250712,3,Outcome,Neutral,2025-07-12 03:14
FB001455,REQ006712,20251013,5,Usability,Positive,2025-10-13 20:36
FB001456,REQ000486,20250826,5,Usability,Positive,2025-08-26 05:17
FB001457,REQ003756,20250822,4,Clarity,Positive,2025-08-22 23:38
FB001458,REQ000066,20250715,5,Wait Time,Positive,2025-07-15 02:18
FB001459,REQ005582,20250822,4,Wait Time,Positive,2025-08-22 10:18
FB001460,REQ003206,20260117,1,Outcome,Negative,2026-01-17 16:26
FB001461,REQ003367,20260419,2,Staff Support,Negative,2026-04-19 01:20
FB001462,REQ000206,20260223,4,Staff Support,Positive,2026-02-23 11:48
FB001463,REQ003766,20260401,2,Outcome,Negative,2026-04-01 15:36
FB001464,REQ008379,20260111,4,Staff Support,Positive,2026-01-11 01:45
FB001465,REQ004939,20251027,4,Outcome,Positive,2025-10-27 11:20
FB001466,REQ005633,20251204,4,Usability,Positive,2025-12-04 05:35
FB001467,REQ006111,20251218,5,Wait Time,Positive,2025-12-18 14:27
FB001468,REQ002046,20250802,3,Clarity,Neutral,2025-08-02 04:56
FB001469,REQ003992,20251226,2,Wait Time,Negative,2025-12-26 22:11
FB001470,REQ001823,20250630,4,Clarity,Positive,2025-06-30 14:12
FB001471,REQ001980,20251202,4,Outcome,Positive,2025-12-02 01:10
FB001472,REQ005956,20251013,3,Outcome,Neutral,2025-10-13 03:44
FB001473,REQ008270,20260331,5,Outcome,Positive,2026-03-31 06:36
FB001474,REQ004861,20260523,4,Clarity,Positive,2026-05-23 19:13
FB001475,REQ008544,20251221,1,Usability,Negative,2025-12-21 08:52
FB001476,REQ003316,20251114,4,Outcome,Positive,2025-11-14 10:48
FB001477,REQ001170,20250928,2,Wait Time,Negative,2025-09-28 17:05
FB001478,REQ008412,20260115,4,Outcome,Positive,2026-01-15 14:20
FB001479,REQ001330,20260420,5,Clarity,Positive,2026-04-20 19:28
FB001480,REQ002959,20260411,4,Usability,Positive,2026-04-11 16:53
FB001481,REQ005196,20260125,4,Usability,Positive,2026-01-25 22:44
FB001482,REQ006245,20260430,3,Wait Time,Neutral,2026-04-30 20:49
FB001483,REQ002354,20250731,4,Clarity,Positive,2025-07-31 19:44
FB001484,REQ007844,20250821,4,Usability,Positive,2025-08-21 05:12
FB001485,REQ001596,20250723,3,Outcome,Neutral,2025-07-23 21:49
FB001486,REQ003103,20260221,5,Outcome,Positive,2026-02-21 12:23
FB001487,REQ009375,20260125,4,Staff Support,Positive,2026-01-25 07:58
FB001488,REQ004451,20260508,2,Usability,Negative,2026-05-08 14:25
FB001489,REQ007830,20250718,4,Staff Support,Positive,2025-07-18 13:25
FB001490,REQ002901,20260220,5,Staff Support,Positive,2026-02-20 07:32
FB001491,REQ003938,20260406,4,Outcome,Positive,2026-04-06 14:38
FB001492,REQ004625,20250830,2,Wait Time,Negative,2025-08-30 21:29
FB001493,REQ009726,20250920,4,Clarity,Positive,2025-09-20 09:57
FB001494,REQ001350,20251126,3,Usability,Neutral,2025-11-26 06:30
FB001495,REQ002257,20260411,5,Outcome,Positive,2026-04-11 09:40
FB001496,REQ000019,20260509,5,Outcome,Positive,2026-05-09 13:23
FB001497,REQ005722,20260127,4,Staff Support,Positive,2026-01-27 01:18
FB001498,REQ008619,20250721,4,Wait Time,Positive,2025-07-21 17:13
FB001499,REQ002060,20260531,2,Usability,Negative,2026-05-31 17:30
FB001500,REQ008833,20250816,3,Wait Time,Neutral,2025-08-16 01:12
FB001501,REQ004841,20251025,5,Staff Support,Positive,2025-10-25 23:04
FB001502,REQ002099,20260207,3,Clarity,Neutral,2026-02-07 11:25
FB001503,REQ003851,20251124,4,Usability,Positive,2025-11-24 16:57
FB001504,REQ004120,20260218,3,Wait Time,Neutral,2026-02-18 01:10
FB001505,REQ001238,20250713,3,Outcome,Neutral,2025-07-13 18:27
FB001506,REQ003411,20251118,4,Staff Support,Positive,2025-11-18 00:51
FB001507,REQ002963,20250707,4,Wait Time,Positive,2025-07-07 20:22
FB001508,REQ009485,20251202,4,Usability,Positive,2025-12-02 17:37
FB001509,REQ008809,20260103,4,Outcome,Positive,2026-01-03 15:40
FB001510,REQ009064,20250627,4,Usability,Positive,2025-06-27 21:38
FB001511,REQ000217,20260516,5,Clarity,Positive,2026-05-16 03:11
FB001512,REQ002392,20250620,4,Staff Support,Positive,2025-06-20 11:44
FB001513,REQ006177,20250609,2,Wait Time,Negative,2025-06-09 10:46
FB001514,REQ000100,20260219,4,Wait Time,Positive,2026-02-19 16:05
FB001515,REQ004745,20260122,2,Staff Support,Negative,2026-01-22 07:12
FB001516,REQ002101,20260206,5,Wait Time,Positive,2026-02-06 06:12
FB001517,REQ003138,20250912,5,Clarity,Positive,2025-09-12 00:18
FB001518,REQ005247,20260412,4,Wait Time,Positive,2026-04-12 22:53
FB001519,REQ008616,20250827,4,Outcome,Positive,2025-08-27 00:29
FB001520,REQ007308,20250713,4,Staff Support,Positive,2025-07-13 09:13
FB001521,REQ005477,20260221,3,Usability,Neutral,2026-02-21 14:49
FB001522,REQ002262,20260226,3,Wait Time,Neutral,2026-02-26 11:02
FB001523,REQ000122,20260217,5,Outcome,Positive,2026-02-17 03:52
FB001524,REQ006571,20250701,3,Staff Support,Neutral,2025-07-01 16:58
FB001525,REQ004719,20260517,3,Wait Time,Neutral,2026-05-17 22:47
FB001526,REQ000523,20260413,4,Clarity,Positive,2026-04-13 07:15
FB001527,REQ008661,20260525,3,Wait Time,Neutral,2026-05-25 12:09
FB001528,REQ005015,20250728,1,Wait Time,Negative,2025-07-28 20:22
FB001529,REQ002473,20250903,4,Wait Time,Positive,2025-09-03 11:24
FB001530,REQ009844,20251119,4,Staff Support,Positive,2025-11-19 18:57
FB001531,REQ000478,20250909,5,Usability,Positive,2025-09-09 05:19
FB001532,REQ007677,20260221,3,Usability,Neutral,2026-02-21 07:25
FB001533,REQ002371,20251215,2,Clarity,Negative,2025-12-15 04:21
FB001534,REQ007080,20260523,3,Wait Time,Neutral,2026-05-23 04:34
FB001535,REQ007811,20250808,5,Outcome,Positive,2025-08-08 23:38
FB001536,REQ007771,20260531,5,Usability,Positive,2026-05-31 09:31
FB001537,REQ008681,20260420,5,Outcome,Positive,2026-04-20 00:50
FB001538,REQ005952,20260408,4,Outcome,Positive,2026-04-08 14:15
FB001539,REQ008283,20250830,4,Wait Time,Positive,2025-08-30 12:48
FB001540,REQ005401,20260301,3,Wait Time,Neutral,2026-03-01 12:40
FB001541,REQ007562,20260424,3,Usability,Neutral,2026-04-24 07:11
FB001542,REQ000537,20260111,4,Staff Support,Positive,2026-01-11 19:34
FB001543,REQ004544,20251029,2,Outcome,Negative,2025-10-29 03:43
FB001544,REQ009000,20260517,3,Wait Time,Neutral,2026-05-17 20:34
FB001545,REQ002494,20260227,1,Clarity,Negative,2026-02-27 06:27
FB001546,REQ001161,20260425,3,Outcome,Neutral,2026-04-25 15:38
FB001547,REQ006922,20251130,3,Staff Support,Neutral,2025-11-30 09:34
FB001548,REQ007050,20250615,2,Wait Time,Negative,2025-06-15 12:49
FB001549,REQ009260,20260413,1,Wait Time,Negative,2026-04-13 00:56
FB001550,REQ002778,20260421,4,Clarity,Positive,2026-04-21 04:07
FB001551,REQ007044,20251023,4,Usability,Positive,2025-10-23 18:06
FB001552,REQ009056,20251230,1,Outcome,Negative,2025-12-30 08:12
FB001553,REQ000186,20260428,1,Staff Support,Negative,2026-04-28 03:10
FB001554,REQ009348,20251002,4,Staff Support,Positive,2025-10-02 07:01
FB001555,REQ006813,20260116,5,Wait Time,Positive,2026-01-16 10:43
FB001556,REQ001366,20260309,5,Clarity,Positive,2026-03-09 11:07
FB001557,REQ006264,20250930,4,Outcome,Positive,2025-09-30 16:15
FB001558,REQ007505,20260115,3,Wait Time,Neutral,2026-01-15 04:01
FB001559,REQ003372,20251019,3,Staff Support,Neutral,2025-10-19 00:40
FB001560,REQ003959,20250615,4,Staff Support,Positive,2025-06-15 10:10
FB001561,REQ008322,20250906,3,Usability,Neutral,2025-09-06 00:16
FB001562,REQ008755,20260201,2,Clarity,Negative,2026-02-01 21:10
FB001563,REQ003880,20250903,4,Staff Support,Positive,2025-09-03 08:21
FB001564,REQ002732,20250714,5,Clarity,Positive,2025-07-14 17:17
FB001565,REQ008155,20251219,3,Usability,Neutral,2025-12-19 10:45
FB001566,REQ001360,20251105,1,Staff Support,Negative,2025-11-05 14:51
FB001567,REQ000985,20250914,2,Outcome,Negative,2025-09-14 19:09
FB001568,REQ001704,20260223,3,Usability,Neutral,2026-02-23 15:25
FB001569,REQ002118,20260107,5,Clarity,Positive,2026-01-07 09:03
FB001570,REQ002196,20251116,2,Wait Time,Negative,2025-11-16 03:25
FB001571,REQ008400,20250901,3,Wait Time,Neutral,2025-09-01 13:17
FB001572,REQ002514,20251117,4,Wait Time,Positive,2025-11-17 07:16
FB001573,REQ006056,20251110,4,Outcome,Positive,2025-11-10 21:38
FB001574,REQ005751,20260402,2,Staff Support,Negative,2026-04-02 22:19
FB001575,REQ005562,20260425,1,Outcome,Negative,2026-04-25 14:58
FB001576,REQ000518,20260327,2,Staff Support,Negative,2026-03-27 07:13
FB001577,REQ004834,20260412,5,Outcome,Positive,2026-04-12 02:52
FB001578,REQ003827,20251110,5,Wait Time,Positive,2025-11-10 03:57
FB001579,REQ009882,20251016,2,Wait Time,Negative,2025-10-16 15:28
FB001580,REQ003744,20260509,4,Clarity,Positive,2026-05-09 09:21
FB001581,REQ004949,20260302,4,Staff Support,Positive,2026-03-02 12:58
FB001582,REQ007255,20260109,3,Usability,Neutral,2026-01-09 19:40
FB001583,REQ008610,20250907,1,Wait Time,Negative,2025-09-07 09:11
FB001584,REQ001887,20250925,5,Outcome,Positive,2025-09-25 12:15
FB001585,REQ008210,20250917,4,Staff Support,Positive,2025-09-17 08:30
FB001586,REQ002912,20250802,5,Outcome,Positive,2025-08-02 08:31
FB001587,REQ008043,20251115,1,Usability,Negative,2025-11-15 11:05
FB001588,REQ001222,20251110,5,Outcome,Positive,2025-11-10 09:26
FB001589,REQ008781,20250622,4,Wait Time,Positive,2025-06-22 08:41
FB001590,REQ004230,20250919,3,Wait Time,Neutral,2025-09-19 01:48
FB001591,REQ006298,20260507,3,Wait Time,Neutral,2026-05-07 06:21
FB001592,REQ002017,20251229,3,Clarity,Neutral,2025-12-29 02:44
FB001593,REQ001473,20260127,4,Staff Support,Positive,2026-01-27 02:14
FB001594,REQ008565,20250823,3,Wait Time,Neutral,2025-08-23 02:19
FB001595,REQ007820,20260111,3,Staff Support,Neutral,2026-01-11 07:54
FB001596,REQ000907,20251214,4,Usability,Positive,2025-12-14 15:12
FB001597,REQ006713,20251026,3,Clarity,Neutral,2025-10-26 10:30
FB001598,REQ006478,20251215,4,Clarity,Positive,2025-12-15 16:45
FB001599,REQ002387,20260112,3,Wait Time,Neutral,2026-01-12 02:09
FB001600,REQ004380,20251121,4,Clarity,Positive,2025-11-21 06:39
FB001601,REQ009430,20260322,3,Wait Time,Neutral,2026-03-22 04:45
FB001602,REQ006198,20251024,3,Clarity,Neutral,2025-10-24 00:34
FB001603,REQ000941,20251011,5,Clarity,Positive,2025-10-11 23:38
FB001604,REQ008069,20251224,5,Outcome,Positive,2025-12-24 17:08
FB001605,REQ001687,20251118,4,Wait Time,Positive,2025-11-18 10:35
FB001606,REQ000563,20260302,4,Usability,Positive,2026-03-02 07:29
FB001607,REQ008422,20250731,3,Usability,Neutral,2025-07-31 10:47
FB001608,REQ003964,20250801,5,Usability,Positive,2025-08-01 08:03
FB001609,REQ001561,20251228,3,Wait Time,Neutral,2025-12-28 22:51
FB001610,REQ008624,20251004,3,Outcome,Neutral,2025-10-04 05:29
FB001611,REQ009862,20260324,4,Usability,Positive,2026-03-24 01:33
FB001612,REQ004115,20260505,3,Usability,Neutral,2026-05-05 08:22
FB001613,REQ000169,20260119,5,Staff Support,Positive,2026-01-19 21:14
FB001614,REQ003464,20260528,4,Clarity,Positive,2026-05-28 16:37
FB001615,REQ003102,20260203,3,Staff Support,Neutral,2026-02-03 11:12
FB001616,REQ008517,20250715,4,Wait Time,Positive,2025-07-15 14:45
FB001617,REQ008806,20251110,3,Staff Support,Neutral,2025-11-10 01:13
FB001618,REQ009623,20251121,3,Wait Time,Neutral,2025-11-21 22:29
FB001619,REQ002150,20250805,4,Wait Time,Positive,2025-08-05 21:51
FB001620,REQ004309,20260428,3,Wait Time,Neutral,2026-04-28 02:11
FB001621,REQ001190,20251020,3,Usability,Neutral,2025-10-20 07:29
FB001622,REQ002269,20250621,2,Clarity,Negative,2025-06-21 05:02
FB001623,REQ004714,20260130,4,Outcome,Positive,2026-01-30 14:44
FB001624,REQ006957,20250809,3,Usability,Neutral,2025-08-09 05:19
FB001625,REQ009465,20251205,4,Staff Support,Positive,2025-12-05 10:24
FB001626,REQ004265,20250806,3,Clarity,Neutral,2025-08-06 22:47
FB001627,REQ007024,20250824,5,Outcome,Positive,2025-08-24 00:45
FB001628,REQ001804,20250610,3,Wait Time,Neutral,2025-06-10 20:50
FB001629,REQ004964,20250720,4,Usability,Positive,2025-07-20 19:45
FB001630,REQ002106,20251116,2,Wait Time,Negative,2025-11-16 00:57
FB001631,REQ007202,20251008,4,Staff Support,Positive,2025-10-08 22:32
FB001632,REQ003405,20250617,4,Usability,Positive,2025-06-17 04:56
FB001633,REQ002449,20250728,5,Outcome,Positive,2025-07-28 20:58
FB001634,REQ004077,20260407,5,Wait Time,Positive,2026-04-07 05:38
FB001635,REQ006569,20250917,1,Usability,Negative,2025-09-17 15:33
FB001636,REQ004002,20260118,3,Outcome,Neutral,2026-01-18 14:59
FB001637,REQ005405,20250705,3,Wait Time,Neutral,2025-07-05 21:23
FB001638,REQ007816,20251215,4,Wait Time,Positive,2025-12-15 23:32
FB001639,REQ006197,20260226,5,Staff Support,Positive,2026-02-26 12:24
FB001640,REQ001031,20250904,5,Clarity,Positive,2025-09-04 18:30
FB001641,REQ004516,20250724,4,Usability,Positive,2025-07-24 07:41
FB001642,REQ002110,20250831,4,Wait Time,Positive,2025-08-31 12:14
FB001643,REQ002756,20251116,3,Outcome,Neutral,2025-11-16 08:58
FB001644,REQ006643,20250627,5,Staff Support,Positive,2025-06-27 20:12
FB001645,REQ007571,20250823,4,Wait Time,Positive,2025-08-23 01:51
FB001646,REQ004486,20251224,4,Usability,Positive,2025-12-24 07:42
FB001647,REQ003963,20260502,3,Outcome,Neutral,2026-05-02 14:16
FB001648,REQ006563,20251110,2,Wait Time,Negative,2025-11-10 16:48
FB001649,REQ002289,20260506,4,Usability,Positive,2026-05-06 22:58
FB001650,REQ000274,20260312,5,Outcome,Positive,2026-03-12 21:13
FB001651,REQ004270,20250721,2,Wait Time,Negative,2025-07-21 05:18
FB001652,REQ006107,20250611,1,Outcome,Negative,2025-06-11 14:44
FB001653,REQ002471,20250711,5,Usability,Positive,2025-07-11 18:44
FB001654,REQ004899,20260111,2,Wait Time,Negative,2026-01-11 21:36
FB001655,REQ006544,20260103,4,Outcome,Positive,2026-01-03 14:27
FB001656,REQ000304,20251013,4,Usability,Positive,2025-10-13 10:07
FB001657,REQ009597,20260117,4,Wait Time,Positive,2026-01-17 12:07
FB001658,REQ004726,20250803,3,Outcome,Neutral,2025-08-03 13:48
FB001659,REQ004279,20250612,5,Usability,Positive,2025-06-12 18:43
FB001660,REQ006468,20260411,4,Clarity,Positive,2026-04-11 20:30
FB001661,REQ009036,20260404,3,Usability,Neutral,2026-04-04 01:08
FB001662,REQ001374,20250810,4,Clarity,Positive,2025-08-10 06:20
FB001663,REQ009129,20260213,4,Outcome,Positive,2026-02-13 10:25
FB001664,REQ000141,20260518,5,Usability,Positive,2026-05-18 02:01
FB001665,REQ003123,20250814,4,Usability,Positive,2025-08-14 09:36
FB001666,REQ008197,20250628,3,Wait Time,Neutral,2025-06-28 15:14
FB001667,REQ009771,20250830,5,Staff Support,Positive,2025-08-30 08:53
FB001668,REQ005935,20251114,3,Staff Support,Neutral,2025-11-14 15:48
FB001669,REQ002405,20260322,1,Wait Time,Negative,2026-03-22 02:46
FB001670,REQ002582,20260216,3,Clarity,Neutral,2026-02-16 02:52
FB001671,REQ006344,20251111,4,Clarity,Positive,2025-11-11 22:53
FB001672,REQ000397,20260204,2,Outcome,Negative,2026-02-04 02:24
FB001673,REQ005221,20260104,3,Staff Support,Neutral,2026-01-04 20:40
FB001674,REQ009602,20251018,5,Usability,Positive,2025-10-18 04:58
FB001675,REQ006848,20251227,4,Usability,Positive,2025-12-27 17:23
FB001676,REQ005932,20251121,2,Wait Time,Negative,2025-11-21 13:26
FB001677,REQ007804,20260415,1,Clarity,Negative,2026-04-15 11:53
FB001678,REQ002443,20250805,3,Staff Support,Neutral,2025-08-05 06:46
FB001679,REQ008149,20251221,2,Wait Time,Negative,2025-12-21 23:59
FB001680,REQ008305,20260116,3,Outcome,Neutral,2026-01-16 11:57
FB001681,REQ008223,20250715,4,Wait Time,Positive,2025-07-15 15:18
FB001682,REQ009140,20251103,4,Wait Time,Positive,2025-11-03 21:12
FB001683,REQ005667,20260530,3,Usability,Neutral,2026-05-30 02:18
FB001684,REQ005027,20250623,1,Wait Time,Negative,2025-06-23 16:01
FB001685,REQ004057,20251221,3,Usability,Neutral,2025-12-21 12:39
FB001686,REQ008312,20251030,3,Wait Time,Neutral,2025-10-30 10:12
FB001687,REQ001852,20260327,4,Usability,Positive,2026-03-27 03:43
FB001688,REQ005347,20260303,3,Usability,Neutral,2026-03-03 07:07
FB001689,REQ009577,20251003,4,Outcome,Positive,2025-10-03 08:47
FB001690,REQ007247,20250921,5,Usability,Positive,2025-09-21 02:57
FB001691,REQ001145,20260320,3,Clarity,Neutral,2026-03-20 20:31
FB001692,REQ007375,20250629,4,Staff Support,Positive,2025-06-29 14:54
FB001693,REQ009395,20251124,3,Usability,Neutral,2025-11-24 00:30
FB001694,REQ004604,20250702,2,Wait Time,Negative,2025-07-02 11:46
FB001695,REQ004810,20250830,4,Clarity,Positive,2025-08-30 10:47
FB001696,REQ007895,20260111,5,Usability,Positive,2026-01-11 14:08
FB001697,REQ001972,20250925,4,Outcome,Positive,2025-09-25 21:59
FB001698,REQ005554,20260104,4,Staff Support,Positive,2026-01-04 20:13
FB001699,REQ003047,20260502,3,Clarity,Neutral,2026-05-02 14:59
FB001700,REQ006782,20250605,5,Outcome,Positive,2025-06-05 10:47
FB001701,REQ004596,20260418,4,Wait Time,Positive,2026-04-18 02:37
FB001702,REQ004674,20250730,1,Usability,Negative,2025-07-30 02:45
FB001703,REQ001244,20251122,4,Clarity,Positive,2025-11-22 11:33
FB001704,REQ009605,20250708,3,Outcome,Neutral,2025-07-08 00:01
FB001705,REQ005007,20251010,2,Clarity,Negative,2025-10-10 21:45
FB001706,REQ008941,20251224,5,Wait Time,Positive,2025-12-24 22:45
FB001707,REQ004054,20250817,3,Clarity,Neutral,2025-08-17 09:35
FB001708,REQ003543,20260210,3,Staff Support,Neutral,2026-02-10 18:58
FB001709,REQ006290,20250903,4,Wait Time,Positive,2025-09-03 21:27
FB001710,REQ000272,20250803,4,Staff Support,Positive,2025-08-03 11:51
FB001711,REQ007329,20250731,5,Wait Time,Positive,2025-07-31 17:37
FB001712,REQ007464,20251201,3,Outcome,Neutral,2025-12-01 04:11
FB001713,REQ009746,20260302,4,Wait Time,Positive,2026-03-02 04:22
FB001714,REQ009975,20250927,2,Wait Time,Negative,2025-09-27 01:32
FB001715,REQ006203,20250610,4,Usability,Positive,2025-06-10 05:24
FB001716,REQ004099,20260414,4,Clarity,Positive,2026-04-14 23:30
FB001717,REQ002624,20260301,3,Usability,Neutral,2026-03-01 04:11
FB001718,REQ005771,20251206,3,Clarity,Neutral,2025-12-06 21:23
FB001719,REQ003225,20260427,4,Wait Time,Positive,2026-04-27 15:11
FB001720,REQ008893,20251213,2,Clarity,Negative,2025-12-13 15:24
FB001721,REQ002824,20251017,3,Staff Support,Neutral,2025-10-17 13:35
FB001722,REQ005003,20250727,3,Usability,Neutral,2025-07-27 11:01
FB001723,REQ005252,20250731,5,Outcome,Positive,2025-07-31 06:39
FB001724,REQ002019,20251019,4,Outcome,Positive,2025-10-19 22:00
FB001725,REQ002929,20260208,4,Staff Support,Positive,2026-02-08 23:40
FB001726,REQ000130,20250920,4,Usability,Positive,2025-09-20 21:23
FB001727,REQ008302,20250902,2,Outcome,Negative,2025-09-02 13:50
FB001728,REQ006871,20250822,2,Staff Support,Negative,2025-08-22 13:02
FB001729,REQ004232,20251230,3,Wait Time,Neutral,2025-12-30 21:50
FB001730,REQ005601,20260121,3,Usability,Neutral,2026-01-21 02:59
FB001731,REQ008073,20260325,3,Usability,Neutral,2026-03-25 21:49
FB001732,REQ007717,20260321,3,Outcome,Neutral,2026-03-21 01:59
FB001733,REQ009580,20250728,4,Clarity,Positive,2025-07-28 21:13
FB001734,REQ004958,20250808,3,Wait Time,Neutral,2025-08-08 02:11
FB001735,REQ005236,20260301,5,Clarity,Positive,2026-03-01 23:35
FB001736,REQ002424,20260330,3,Wait Time,Neutral,2026-03-30 19:38
FB001737,REQ004974,20260517,5,Usability,Positive,2026-05-17 21:52
FB001738,REQ002586,20260119,4,Outcome,Positive,2026-01-19 06:13
FB001739,REQ009715,20250621,2,Wait Time,Negative,2025-06-21 03:44
FB001740,REQ001866,20250823,3,Outcome,Neutral,2025-08-23 04:40
FB001741,REQ005270,20260407,5,Usability,Positive,2026-04-07 07:22
FB001742,REQ009794,20260121,4,Wait Time,Positive,2026-01-21 09:59
FB001743,REQ008326,20260228,4,Clarity,Positive,2026-02-28 14:17
FB001744,REQ003989,20260408,2,Wait Time,Negative,2026-04-08 22:11
FB001745,REQ006078,20251220,2,Wait Time,Negative,2025-12-20 18:54
FB001746,REQ003640,20260410,4,Outcome,Positive,2026-04-10 23:44
FB001747,REQ002172,20251105,3,Wait Time,Neutral,2025-11-05 14:10
FB001748,REQ004305,20250819,4,Wait Time,Positive,2025-08-19 14:39
FB001749,REQ000322,20260330,3,Outcome,Neutral,2026-03-30 00:47
FB001750,REQ009268,20251203,2,Wait Time,Negative,2025-12-03 04:12
FB001751,REQ002119,20251016,5,Wait Time,Positive,2025-10-16 01:14
FB001752,REQ000127,20250619,3,Wait Time,Neutral,2025-06-19 06:05
FB001753,REQ004948,20260213,3,Wait Time,Neutral,2026-02-13 07:06
FB001754,REQ007731,20260108,2,Outcome,Negative,2026-01-08 07:23
FB001755,REQ001815,20250908,3,Clarity,Neutral,2025-09-08 20:14
FB001756,REQ003603,20260420,5,Staff Support,Positive,2026-04-20 19:51
FB001757,REQ009996,20251030,4,Usability,Positive,2025-10-30 04:57
FB001758,REQ008594,20250612,4,Wait Time,Positive,2025-06-12 08:22
FB001759,REQ006351,20251014,1,Staff Support,Negative,2025-10-14 04:29
FB001760,REQ005248,20260123,4,Outcome,Positive,2026-01-23 20:09
FB001761,REQ009878,20251107,3,Outcome,Neutral,2025-11-07 02:35
FB001762,REQ002457,20250801,5,Wait Time,Positive,2025-08-01 00:52
FB001763,REQ000575,20260402,5,Wait Time,Positive,2026-04-02 19:04
FB001764,REQ006891,20260328,4,Wait Time,Positive,2026-03-28 13:53
FB001765,REQ002984,20260412,3,Staff Support,Neutral,2026-04-12 06:07
FB001766,REQ006140,20260505,3,Usability,Neutral,2026-05-05 09:26
FB001767,REQ004654,20250723,3,Outcome,Neutral,2025-07-23 07:36
FB001768,REQ005762,20260531,3,Clarity,Neutral,2026-05-31 17:09
FB001769,REQ009085,20260301,3,Wait Time,Neutral,2026-03-01 12:04
FB001770,REQ009699,20250623,5,Staff Support,Positive,2025-06-23 08:29
FB001771,REQ006302,20260515,4,Clarity,Positive,2026-05-15 05:44
FB001772,REQ001788,20250804,5,Staff Support,Positive,2025-08-04 03:55
FB001773,REQ003753,20251107,3,Outcome,Neutral,2025-11-07 18:46
FB001774,REQ001505,20260207,5,Staff Support,Positive,2026-02-07 03:35
FB001775,REQ004389,20250805,4,Staff Support,Positive,2025-08-05 17:44
FB001776,REQ005125,20260206,2,Staff Support,Negative,2026-02-06 09:15
FB001777,REQ007806,20250802,2,Wait Time,Negative,2025-08-02 00:32
FB001778,REQ004953,20260522,3,Wait Time,Neutral,2026-05-22 11:58
FB001779,REQ000512,20250630,3,Usability,Neutral,2025-06-30 02:01
FB001780,REQ000776,20250907,5,Clarity,Positive,2025-09-07 23:37
FB001781,REQ004525,20251028,5,Staff Support,Positive,2025-10-28 06:01
FB001782,REQ007873,20260520,4,Staff Support,Positive,2026-05-20 16:07
FB001783,REQ005648,20260520,4,Usability,Positive,2026-05-20 00:28
FB001784,REQ001075,20251209,3,Staff Support,Neutral,2025-12-09 01:09
FB001785,REQ000394,20260514,4,Clarity,Positive,2026-05-14 12:47
FB001786,REQ005836,20250803,5,Clarity,Positive,2025-08-03 16:13
FB001787,REQ001156,20251208,4,Usability,Positive,2025-12-08 10:20
FB001788,REQ007320,20251231,4,Usability,Positive,2025-12-31 04:27
FB001789,REQ001379,20250605,3,Outcome,Neutral,2025-06-05 06:43
FB001790,REQ007927,20250903,2,Staff Support,Negative,2025-09-03 13:59
FB001791,REQ007856,20251126,4,Wait Time,Positive,2025-11-26 10:52
FB001792,REQ008593,20250907,1,Usability,Negative,2025-09-07 05:30
FB001793,REQ008353,20251225,4,Wait Time,Positive,2025-12-25 17:52
FB001794,REQ002716,20260428,1,Wait Time,Negative,2026-04-28 05:41
FB001795,REQ000977,20251002,3,Wait Time,Neutral,2025-10-02 02:46
FB001796,REQ001489,20250724,5,Staff Support,Positive,2025-07-24 19:43
FB001797,REQ008413,20251113,5,Outcome,Positive,2025-11-13 05:25
FB001798,REQ006261,20251110,4,Usability,Positive,2025-11-10 14:10
FB001799,REQ009490,20250823,5,Clarity,Positive,2025-08-23 03:47
FB001800,REQ002499,20251212,4,Wait Time,Positive,2025-12-12 03:22
FB001801,REQ009953,20251110,3,Clarity,Neutral,2025-11-10 16:57
FB001802,REQ008179,20250727,3,Wait Time,Neutral,2025-07-27 00:52
FB001803,REQ004762,20250928,3,Outcome,Neutral,2025-09-28 04:18
FB001804,REQ007199,20260419,3,Outcome,Neutral,2026-04-19 04:32
FB001805,REQ004853,20250813,3,Outcome,Neutral,2025-08-13 15:42
FB001806,REQ005261,20250719,4,Outcome,Positive,2025-07-19 18:20
FB001807,REQ006170,20250701,4,Outcome,Positive,2025-07-01 08:31
FB001808,REQ002678,20251031,5,Wait Time,Positive,2025-10-31 12:37
FB001809,REQ000500,20251130,3,Clarity,Neutral,2025-11-30 16:31
FB001810,REQ001113,20251106,3,Usability,Neutral,2025-11-06 02:46
FB001811,REQ004956,20260531,4,Usability,Positive,2026-05-31 13:08
FB001812,REQ001166,20260122,5,Wait Time,Positive,2026-01-22 20:15
FB001813,REQ003969,20251022,5,Clarity,Positive,2025-10-22 05:50
FB001814,REQ006029,20251121,3,Usability,Neutral,2025-11-21 08:30
FB001815,REQ008665,20260319,4,Staff Support,Positive,2026-03-19 12:25
FB001816,REQ007147,20260426,4,Staff Support,Positive,2026-04-26 13:01
FB001817,REQ001501,20260502,4,Wait Time,Positive,2026-05-02 17:19
FB001818,REQ004754,20250717,5,Wait Time,Positive,2025-07-17 08:35
FB001819,REQ001784,20250812,3,Clarity,Neutral,2025-08-12 15:41
FB001820,REQ009665,20250719,4,Staff Support,Positive,2025-07-19 13:02
FB001821,REQ001342,20260207,3,Wait Time,Neutral,2026-02-07 13:43
FB001822,REQ006740,20260414,3,Wait Time,Neutral,2026-04-14 02:20
FB001823,REQ009194,20260410,5,Clarity,Positive,2026-04-10 22:45
FB001824,REQ007421,20260516,5,Outcome,Positive,2026-05-16 09:55
FB001825,REQ006020,20251126,3,Clarity,Neutral,2025-11-26 18:43
FB001826,REQ009510,20251123,4,Staff Support,Positive,2025-11-23 09:47
FB001827,REQ005174,20251212,4,Usability,Positive,2025-12-12 06:13
FB001828,REQ002374,20250708,3,Staff Support,Neutral,2025-07-08 05:28
FB001829,REQ005240,20260520,5,Staff Support,Positive,2026-05-20 17:52
FB001830,REQ008259,20250818,3,Outcome,Neutral,2025-08-18 19:47
FB001831,REQ000041,20260306,3,Outcome,Neutral,2026-03-06 14:08
FB001832,REQ000993,20250616,4,Usability,Positive,2025-06-16 15:52
FB001833,REQ007910,20250914,4,Usability,Positive,2025-09-14 18:46
FB001834,REQ000126,20251205,3,Wait Time,Neutral,2025-12-05 00:57
FB001835,REQ002556,20251206,3,Outcome,Neutral,2025-12-06 21:30
FB001836,REQ000595,20260518,2,Clarity,Negative,2026-05-18 09:16
FB001837,REQ004204,20250604,3,Wait Time,Neutral,2025-06-04 22:54
FB001838,REQ002177,20250630,3,Outcome,Neutral,2025-06-30 15:12
FB001839,REQ006075,20250913,4,Outcome,Positive,2025-09-13 17:52
FB001840,REQ003664,20250728,4,Usability,Positive,2025-07-28 21:57
FB001841,REQ001300,20250607,3,Clarity,Neutral,2025-06-07 03:22
FB001842,REQ009458,20251210,4,Wait Time,Positive,2025-12-10 08:57
FB001843,REQ004688,20250616,4,Usability,Positive,2025-06-16 00:34
FB001844,REQ004687,20251112,4,Usability,Positive,2025-11-12 05:48
FB001845,REQ005585,20260506,3,Wait Time,Neutral,2026-05-06 08:43
FB001846,REQ009088,20250816,4,Usability,Positive,2025-08-16 04:16
FB001847,REQ000754,20251111,5,Wait Time,Positive,2025-11-11 12:28
FB001848,REQ002357,20260308,4,Wait Time,Positive,2026-03-08 17:21
FB001849,REQ007775,20251216,3,Staff Support,Neutral,2025-12-16 06:03
FB001850,REQ005996,20260421,4,Usability,Positive,2026-04-21 04:38
FB001851,REQ009689,20260117,4,Wait Time,Positive,2026-01-17 03:21
FB001852,REQ008599,20250618,4,Wait Time,Positive,2025-06-18 23:45
FB001853,REQ000709,20250921,4,Clarity,Positive,2025-09-21 08:47
FB001854,REQ000225,20260208,2,Usability,Negative,2026-02-08 22:11
FB001855,REQ001606,20260327,3,Wait Time,Neutral,2026-03-27 12:19
FB001856,REQ008936,20260120,4,Outcome,Positive,2026-01-20 15:42
FB001857,REQ004484,20251128,5,Usability,Positive,2025-11-28 08:59
FB001858,REQ006668,20260226,3,Usability,Neutral,2026-02-26 20:45
FB001859,REQ000854,20250930,3,Wait Time,Neutral,2025-09-30 12:28
FB001860,REQ008600,20251202,3,Usability,Neutral,2025-12-02 06:27
FB001861,REQ007277,20260319,5,Staff Support,Positive,2026-03-19 02:57
FB001862,REQ006472,20260124,4,Wait Time,Positive,2026-01-24 18:11
FB001863,REQ004867,20260219,5,Wait Time,Positive,2026-02-19 13:29
FB001864,REQ009540,20260417,4,Clarity,Positive,2026-04-17 05:58
FB001865,REQ008178,20260305,4,Outcome,Positive,2026-03-05 02:33
FB001866,REQ007336,20260210,3,Wait Time,Neutral,2026-02-10 14:22
FB001867,REQ007039,20251022,4,Staff Support,Positive,2025-10-22 17:51
FB001868,REQ008271,20251216,4,Outcome,Positive,2025-12-16 17:24
FB001869,REQ002722,20250712,4,Usability,Positive,2025-07-12 20:17
FB001870,REQ008874,20260120,2,Outcome,Negative,2026-01-20 02:01
FB001871,REQ003991,20250906,3,Wait Time,Neutral,2025-09-06 20:35
FB001872,REQ008585,20250618,5,Staff Support,Positive,2025-06-18 14:28
FB001873,REQ004961,20251209,5,Wait Time,Positive,2025-12-09 04:02
FB001874,REQ007430,20250612,1,Usability,Negative,2025-06-12 00:01
FB001875,REQ001262,20260314,4,Wait Time,Positive,2026-03-14 10:07
FB001876,REQ005971,20250820,4,Clarity,Positive,2025-08-20 16:40
FB001877,REQ005834,20251209,4,Wait Time,Positive,2025-12-09 19:09
FB001878,REQ003064,20250701,3,Wait Time,Neutral,2025-07-01 21:07
FB001879,REQ003128,20251028,3,Wait Time,Neutral,2025-10-28 14:23
FB001880,REQ005395,20250720,3,Usability,Neutral,2025-07-20 08:38
FB001881,REQ000188,20260112,4,Staff Support,Positive,2026-01-12 03:21
FB001882,REQ009530,20250628,2,Wait Time,Negative,2025-06-28 08:04
FB001883,REQ005504,20260108,3,Clarity,Neutral,2026-01-08 12:02
FB001884,REQ001900,20260531,3,Wait Time,Neutral,2026-05-31 17:20
FB001885,REQ002885,20251006,3,Usability,Neutral,2025-10-06 12:33
FB001886,REQ001499,20251003,4,Wait Time,Positive,2025-10-03 19:50
FB001887,REQ002995,20250921,3,Wait Time,Neutral,2025-09-21 02:05
FB001888,REQ006748,20250716,4,Wait Time,Positive,2025-07-16 17:09
FB001889,REQ001123,20260121,4,Wait Time,Positive,2026-01-21 09:02
FB001890,REQ005859,20250830,4,Outcome,Positive,2025-08-30 21:27
FB001891,REQ002044,20250927,3,Wait Time,Neutral,2025-09-27 02:02
FB001892,REQ008754,20250907,5,Staff Support,Positive,2025-09-07 05:24
FB001893,REQ000257,20250615,3,Staff Support,Neutral,2025-06-15 20:54
FB001894,REQ009281,20260323,5,Staff Support,Positive,2026-03-23 05:18
FB001895,REQ000741,20251103,3,Clarity,Neutral,2025-11-03 20:54
FB001896,REQ005465,20251003,4,Staff Support,Positive,2025-10-03 09:11
FB001897,REQ000290,20251220,3,Usability,Neutral,2025-12-20 04:26
FB001898,REQ004128,20251011,5,Wait Time,Positive,2025-10-11 13:43
FB001899,REQ006380,20250905,2,Staff Support,Negative,2025-09-05 06:56
FB001900,REQ004059,20260413,3,Staff Support,Neutral,2026-04-13 21:17
FB001901,REQ006994,20250926,4,Wait Time,Positive,2025-09-26 03:55
FB001902,REQ003301,20250805,4,Usability,Positive,2025-08-05 05:37
FB001903,REQ009767,20260311,4,Outcome,Positive,2026-03-11 19:59
FB001904,REQ009717,20250902,4,Staff Support,Positive,2025-09-02 18:06
FB001905,REQ007358,20250927,4,Wait Time,Positive,2025-09-27 08:25
FB001906,REQ004435,20250905,5,Staff Support,Positive,2025-09-05 06:43
FB001907,REQ004076,20251130,2,Staff Support,Negative,2025-11-30 13:12
FB001908,REQ006283,20251225,3,Staff Support,Neutral,2025-12-25 08:00
FB001909,REQ002033,20251003,3,Staff Support,Neutral,2025-10-03 04:32
FB001910,REQ002043,20251214,3,Wait Time,Neutral,2025-12-14 23:38
FB001911,REQ001714,20250909,1,Outcome,Negative,2025-09-09 13:36
FB001912,REQ007530,20251130,4,Outcome,Positive,2025-11-30 04:41
FB001913,REQ004466,20260207,4,Clarity,Positive,2026-02-07 02:18
FB001914,REQ008535,20250925,2,Usability,Negative,2025-09-25 21:44
FB001915,REQ008085,20260216,5,Wait Time,Positive,2026-02-16 14:03
FB001916,REQ007429,20251003,4,Outcome,Positive,2025-10-03 13:33
FB001917,REQ001368,20251002,3,Usability,Neutral,2025-10-02 21:06
FB001918,REQ007973,20251226,5,Wait Time,Positive,2025-12-26 09:47
FB001919,REQ003381,20260106,4,Staff Support,Positive,2026-01-06 11:18
FB001920,REQ006591,20251114,2,Clarity,Negative,2025-11-14 08:57
FB001921,REQ001911,20250619,5,Wait Time,Positive,2025-06-19 13:26
FB001922,REQ002711,20250901,2,Staff Support,Negative,2025-09-01 04:05
FB001923,REQ003055,20260531,4,Usability,Positive,2026-05-31 14:24
FB001924,REQ009357,20260403,2,Wait Time,Negative,2026-04-03 16:01
FB001925,REQ008265,20250808,4,Clarity,Positive,2025-08-08 00:46
FB001926,REQ002419,20260204,2,Wait Time,Negative,2026-02-04 09:47
FB001927,REQ005208,20250804,5,Outcome,Positive,2025-08-04 10:25
FB001928,REQ008403,20260218,5,Staff Support,Positive,2026-02-18 15:24
FB001929,REQ005981,20260324,5,Staff Support,Positive,2026-03-24 14:15
FB001930,REQ004337,20260211,4,Wait Time,Positive,2026-02-11 09:14
FB001931,REQ001177,20250619,2,Clarity,Negative,2025-06-19 14:21
FB001932,REQ009896,20250719,1,Outcome,Negative,2025-07-19 00:26
FB001933,REQ005637,20260116,2,Wait Time,Negative,2026-01-16 02:21
FB001934,REQ001524,20260301,3,Wait Time,Neutral,2026-03-01 21:03
FB001935,REQ006996,20260204,4,Usability,Positive,2026-02-04 03:10
FB001936,REQ005718,20251013,4,Staff Support,Positive,2025-10-13 05:35
FB001937,REQ009754,20251009,5,Wait Time,Positive,2025-10-09 20:03
FB001938,REQ002021,20251223,4,Clarity,Positive,2025-12-23 14:17
FB001939,REQ003601,20251101,5,Clarity,Positive,2025-11-01 04:54
FB001940,REQ003065,20260223,1,Outcome,Negative,2026-02-23 07:09
FB001941,REQ004275,20251008,2,Usability,Negative,2025-10-08 18:20
FB001942,REQ007319,20251202,3,Clarity,Neutral,2025-12-02 15:29
FB001943,REQ006125,20251122,4,Wait Time,Positive,2025-11-22 14:39
FB001944,REQ000970,20250918,4,Staff Support,Positive,2025-09-18 09:09
FB001945,REQ003469,20251208,5,Outcome,Positive,2025-12-08 19:58
FB001946,REQ006142,20250810,3,Clarity,Neutral,2025-08-10 16:33
FB001947,REQ006625,20260512,5,Staff Support,Positive,2026-05-12 19:57
FB001948,REQ006798,20260531,4,Outcome,Positive,2026-05-31 17:47
FB001949,REQ006420,20250831,5,Wait Time,Positive,2025-08-31 20:22
FB001950,REQ004712,20250817,4,Clarity,Positive,2025-08-17 01:25
FB001951,REQ001976,20251120,3,Clarity,Neutral,2025-11-20 05:19
FB001952,REQ000839,20250911,3,Staff Support,Neutral,2025-09-11 22:19
FB001953,REQ000929,20260514,5,Staff Support,Positive,2026-05-14 15:52
FB001954,REQ000953,20250918,2,Usability,Negative,2025-09-18 04:25
FB001955,REQ005573,20250616,5,Outcome,Positive,2025-06-16 12:48
FB001956,REQ000150,20250612,4,Staff Support,Positive,2025-06-12 02:29
FB001957,REQ006490,20250928,5,Wait Time,Positive,2025-09-28 01:57
FB001958,REQ003264,20251122,4,Staff Support,Positive,2025-11-22 12:19
FB001959,REQ009694,20260205,3,Outcome,Neutral,2026-02-05 04:35
FB001960,REQ008545,20260122,3,Wait Time,Neutral,2026-01-22 00:28
FB001961,REQ007996,20251203,5,Wait Time,Positive,2025-12-03 15:14
FB001962,REQ008971,20250614,4,Outcome,Positive,2025-06-14 13:05
FB001963,REQ006353,20250817,3,Usability,Neutral,2025-08-17 00:21
FB001964,REQ006277,20260225,3,Outcome,Neutral,2026-02-25 06:17
FB001965,REQ002279,20250925,4,Usability,Positive,2025-09-25 20:33
FB001966,REQ007884,20260122,2,Usability,Negative,2026-01-22 04:22
FB001967,REQ002054,20260317,2,Outcome,Negative,2026-03-17 10:45
FB001968,REQ009989,20260126,2,Clarity,Negative,2026-01-26 05:56
FB001969,REQ002232,20250831,4,Clarity,Positive,2025-08-31 11:34
FB001970,REQ005889,20260201,3,Outcome,Neutral,2026-02-01 22:25
FB001971,REQ005501,20260212,4,Usability,Positive,2026-02-12 01:42
FB001972,REQ009489,20260423,3,Wait Time,Neutral,2026-04-23 18:59
FB001973,REQ001937,20250925,5,Clarity,Positive,2025-09-25 05:26
FB001974,REQ004758,20251113,3,Usability,Neutral,2025-11-13 16:35
FB001975,REQ009112,20251220,4,Staff Support,Positive,2025-12-20 23:02
FB001976,REQ006684,20251116,3,Staff Support,Neutral,2025-11-16 15:57
FB001977,REQ001325,20250923,4,Outcome,Positive,2025-09-23 01:58
FB001978,REQ001437,20260310,5,Clarity,Positive,2026-03-10 16:31
FB001979,REQ000603,20251214,4,Clarity,Positive,2025-12-14 08:56
FB001980,REQ007915,20251110,3,Wait Time,Neutral,2025-11-10 10:24
FB001981,REQ009039,20260116,5,Clarity,Positive,2026-01-16 14:08
FB001982,REQ009379,20260227,1,Wait Time,Negative,2026-02-27 19:03
FB001983,REQ007916,20260102,3,Usability,Neutral,2026-01-02 19:07
FB001984,REQ001296,20260213,2,Wait Time,Negative,2026-02-13 03:22
FB001985,REQ000774,20251027,2,Wait Time,Negative,2025-10-27 09:32
FB001986,REQ008049,20250621,3,Wait Time,Neutral,2025-06-21 18:32
FB001987,REQ006000,20251008,4,Clarity,Positive,2025-10-08 07:07
FB001988,REQ000771,20251209,2,Clarity,Negative,2025-12-09 21:54
FB001989,REQ007030,20250928,2,Staff Support,Negative,2025-09-28 01:47
FB001990,REQ005324,20260422,3,Wait Time,Neutral,2026-04-22 02:54
FB001991,REQ004723,20251007,5,Usability,Positive,2025-10-07 08:05
FB001992,REQ006787,20251021,5,Usability,Positive,2025-10-21 02:40
FB001993,REQ009795,20250917,3,Usability,Neutral,2025-09-17 00:31
FB001994,REQ001358,20251126,4,Outcome,Positive,2025-11-26 01:46
FB001995,REQ004818,20260403,4,Wait Time,Positive,2026-04-03 18:56
FB001996,REQ000015,20251028,3,Clarity,Neutral,2025-10-28 16:09
FB001997,REQ006098,20260524,5,Outcome,Positive,2026-05-24 04:45
FB001998,REQ005342,20251213,5,Usability,Positive,2025-12-13 21:18
FB001999,REQ007560,20251119,2,Usability,Negative,2025-11-19 12:25
FB002000,REQ006044,20250627,4,Clarity,Positive,2025-06-27 15:12
FB002001,REQ005997,20250726,3,Clarity,Neutral,2025-07-26 12:52
FB002002,REQ000728,20251027,5,Wait Time,Positive,2025-10-27 00:33
FB002003,REQ003017,20251102,3,Usability,Neutral,2025-11-02 11:07
FB002004,REQ005285,20250706,4,Wait Time,Positive,2025-07-06 12:31
FB002005,REQ009467,20260331,2,Staff Support,Negative,2026-03-31 12:52
FB002006,REQ006305,20260202,4,Staff Support,Positive,2026-02-02 16:26
FB002007,REQ008199,20260211,5,Outcome,Positive,2026-02-11 21:28
FB002008,REQ005706,20251217,3,Usability,Neutral,2025-12-17 12:03
FB002009,REQ009835,20250812,5,Clarity,Positive,2025-08-12 10:43
FB002010,REQ007962,20260204,5,Staff Support,Positive,2026-02-04 14:05
FB002011,REQ001433,20250710,5,Clarity,Positive,2025-07-10 10:02
FB002012,REQ006485,20260304,2,Wait Time,Negative,2026-03-04 08:11
FB002013,REQ005142,20250829,4,Clarity,Positive,2025-08-29 15:06
FB002014,REQ004382,20260419,4,Staff Support,Positive,2026-04-19 09:59
FB002015,REQ008392,20251012,5,Usability,Positive,2025-10-12 23:09
FB002016,REQ000667,20260526,3,Wait Time,Neutral,2026-05-26 00:47
FB002017,REQ001689,20250915,3,Wait Time,Neutral,2025-09-15 02:02
FB002018,REQ004852,20250629,4,Outcome,Positive,2025-06-29 12:18
FB002019,REQ005230,20250916,4,Clarity,Positive,2025-09-16 11:31
FB002020,REQ006135,20251229,5,Staff Support,Positive,2025-12-29 17:53
FB002021,REQ007584,20251206,5,Outcome,Positive,2025-12-06 00:14
FB002022,REQ004103,20250926,4,Usability,Positive,2025-09-26 08:33
FB002023,REQ004018,20260301,2,Wait Time,Negative,2026-03-01 13:03
FB002024,REQ007599,20260319,2,Clarity,Negative,2026-03-19 18:17
FB002025,REQ004156,20251015,4,Wait Time,Positive,2025-10-15 17:34
FB002026,REQ006887,20251218,3,Outcome,Neutral,2025-12-18 19:07
FB002027,REQ004551,20250911,3,Staff Support,Neutral,2025-09-11 05:30
FB002028,REQ008728,20260405,4,Staff Support,Positive,2026-04-05 10:13
FB002029,REQ008361,20250619,3,Usability,Neutral,2025-06-19 20:28
FB002030,REQ003536,20260428,5,Outcome,Positive,2026-04-28 04:22
FB002031,REQ008978,20260531,4,Outcome,Positive,2026-05-31 17:47
FB002032,REQ002309,20250816,5,Outcome,Positive,2025-08-16 06:21
FB002033,REQ006505,20251002,5,Usability,Positive,2025-10-02 14:10
FB002034,REQ004796,20260310,3,Staff Support,Neutral,2026-03-10 14:04
FB002035,REQ008866,20251209,5,Outcome,Positive,2025-12-09 12:19
FB002036,REQ002617,20251012,5,Usability,Positive,2025-10-12 17:42
FB002037,REQ005988,20260127,5,Clarity,Positive,2026-01-27 06:50
FB002038,REQ007518,20260323,2,Usability,Negative,2026-03-23 11:37
FB002039,REQ006102,20260120,4,Wait Time,Positive,2026-01-20 00:28
FB002040,REQ006928,20250722,4,Outcome,Positive,2025-07-22 17:22
FB002041,REQ004411,20251117,4,Wait Time,Positive,2025-11-17 03:23
FB002042,REQ008500,20251220,3,Clarity,Neutral,2025-12-20 06:27
FB002043,REQ000079,20250620,4,Wait Time,Positive,2025-06-20 04:14
FB002044,REQ007468,20260223,5,Staff Support,Positive,2026-02-23 23:50
FB002045,REQ005407,20250922,4,Outcome,Positive,2025-09-22 16:19
FB002046,REQ005082,20251128,4,Wait Time,Positive,2025-11-28 10:28
FB002047,REQ001789,20250924,3,Wait Time,Neutral,2025-09-24 23:18
FB002048,REQ002682,20260216,2,Staff Support,Negative,2026-02-16 04:42
FB002049,REQ007870,20260215,4,Staff Support,Positive,2026-02-15 00:02
FB002050,REQ008709,20260406,4,Wait Time,Positive,2026-04-06 22:06
FB002051,REQ003617,20260531,5,Usability,Positive,2026-05-31 17:33
FB002052,REQ005498,20250716,3,Wait Time,Neutral,2025-07-16 03:33
FB002053,REQ004456,20250623,2,Usability,Negative,2025-06-23 13:22
FB002054,REQ008803,20251003,3,Usability,Neutral,2025-10-03 16:27
FB002055,REQ005755,20260213,3,Usability,Neutral,2026-02-13 09:58
FB002056,REQ006606,20250908,4,Usability,Positive,2025-09-08 02:03
FB002057,REQ009041,20251126,4,Wait Time,Positive,2025-11-26 10:51
FB002058,REQ002725,20251027,3,Usability,Neutral,2025-10-27 12:40
FB002059,REQ006966,20250908,4,Usability,Positive,2025-09-08 17:46
FB002060,REQ003587,20260524,3,Staff Support,Neutral,2026-05-24 15:34
FB002061,REQ007725,20250902,4,Clarity,Positive,2025-09-02 01:43
FB002062,REQ002193,20260227,3,Usability,Neutral,2026-02-27 14:57
FB002063,REQ006437,20250819,4,Usability,Positive,2025-08-19 05:14
FB002064,REQ003730,20260531,3,Usability,Neutral,2026-05-31 06:36
FB002065,REQ009402,20260228,4,Usability,Positive,2026-02-28 11:10
FB002066,REQ007305,20260113,3,Clarity,Neutral,2026-01-13 13:39
FB002067,REQ003678,20260313,4,Staff Support,Positive,2026-03-13 03:49
FB002068,REQ004339,20250627,5,Outcome,Positive,2025-06-27 23:43
FB002069,REQ005180,20260118,3,Clarity,Neutral,2026-01-18 12:37
FB002070,REQ009100,20251221,3,Wait Time,Neutral,2025-12-21 19:30
FB002071,REQ001583,20260319,1,Wait Time,Negative,2026-03-19 17:09
FB002072,REQ000368,20251220,5,Wait Time,Positive,2025-12-20 05:04
FB002073,REQ002303,20250722,2,Wait Time,Negative,2025-07-22 04:35
FB002074,REQ001594,20250821,4,Staff Support,Positive,2025-08-21 11:52
FB002075,REQ004117,20251110,4,Outcome,Positive,2025-11-10 06:25
FB002076,REQ003623,20250926,1,Staff Support,Negative,2025-09-26 11:58
FB002077,REQ003843,20250618,3,Clarity,Neutral,2025-06-18 12:30
FB002078,REQ001234,20260412,3,Clarity,Neutral,2026-04-12 13:33
FB002079,REQ006707,20251205,3,Staff Support,Neutral,2025-12-05 12:37
FB002080,REQ008588,20251218,4,Usability,Positive,2025-12-18 14:18
FB002081,REQ001069,20250823,4,Usability,Positive,2025-08-23 04:27
FB002082,REQ003865,20250609,4,Usability,Positive,2025-06-09 13:55
FB002083,REQ001814,20250822,3,Wait Time,Neutral,2025-08-22 12:24
FB002084,REQ002931,20250902,3,Clarity,Neutral,2025-09-02 00:12
FB002085,REQ006914,20251101,2,Usability,Negative,2025-11-01 04:13
FB002086,REQ005303,20260307,2,Wait Time,Negative,2026-03-07 04:10
FB002087,REQ001254,20260321,5,Staff Support,Positive,2026-03-21 21:05
FB002088,REQ003088,20250928,5,Outcome,Positive,2025-09-28 18:33
FB002089,REQ005536,20250810,4,Wait Time,Positive,2025-08-10 04:20
FB002090,REQ008863,20260103,1,Wait Time,Negative,2026-01-03 12:52
FB002091,REQ004569,20260204,3,Wait Time,Neutral,2026-02-04 19:12
FB002092,REQ008980,20250805,3,Wait Time,Neutral,2025-08-05 10:50
FB002093,REQ007545,20260123,3,Staff Support,Neutral,2026-01-23 19:01
FB002094,REQ006864,20260226,4,Staff Support,Positive,2026-02-26 04:04
FB002095,REQ005341,20250801,3,Staff Support,Neutral,2025-08-01 04:06
FB002096,REQ007038,20260120,4,Usability,Positive,2026-01-20 07:24
FB002097,REQ004757,20260201,2,Clarity,Negative,2026-02-01 01:41
FB002098,REQ000617,20260520,4,Wait Time,Positive,2026-05-20 14:24
FB002099,REQ000479,20250817,2,Outcome,Negative,2025-08-17 19:54
FB002100,REQ009297,20260520,4,Wait Time,Positive,2026-05-20 22:49
FB002101,REQ004258,20260112,3,Clarity,Neutral,2026-01-12 04:34
FB002102,REQ001292,20250820,1,Outcome,Negative,2025-08-20 05:21
FB002103,REQ003903,20260520,3,Clarity,Neutral,2026-05-20 22:30
FB002104,REQ005500,20260310,4,Clarity,Positive,2026-03-10 00:48
FB002105,REQ009515,20250725,5,Wait Time,Positive,2025-07-25 06:04
FB002106,REQ007041,20250708,3,Outcome,Neutral,2025-07-08 12:42
FB002107,REQ005703,20260109,5,Usability,Positive,2026-01-09 01:57
FB002108,REQ002831,20260516,5,Clarity,Positive,2026-05-16 09:39
FB002109,REQ003011,20260410,4,Outcome,Positive,2026-04-10 13:09
FB002110,REQ007368,20260419,3,Outcome,Neutral,2026-04-19 14:22
FB002111,REQ004237,20250817,3,Staff Support,Neutral,2025-08-17 07:36
FB002112,REQ007785,20251126,3,Usability,Neutral,2025-11-26 19:30
FB002113,REQ005025,20250805,3,Staff Support,Neutral,2025-08-05 09:20
FB002114,REQ002884,20251116,4,Wait Time,Positive,2025-11-16 18:10
FB002115,REQ006463,20250803,5,Clarity,Positive,2025-08-03 16:14
FB002116,REQ004044,20251223,5,Outcome,Positive,2025-12-23 23:11
FB002117,REQ005545,20251205,2,Outcome,Negative,2025-12-05 00:34
FB002118,REQ001945,20260520,2,Clarity,Negative,2026-05-20 02:27
FB002119,REQ001824,20250815,1,Clarity,Negative,2025-08-15 06:34
FB002120,REQ005351,20250826,1,Usability,Negative,2025-08-26 08:25
FB002121,REQ007478,20250914,4,Staff Support,Positive,2025-09-14 04:17
FB002122,REQ001260,20260126,4,Staff Support,Positive,2026-01-26 10:50
FB002123,REQ003172,20251004,4,Wait Time,Positive,2025-10-04 18:37
FB002124,REQ006674,20251117,4,Outcome,Positive,2025-11-17 15:44
FB002125,REQ005418,20260228,3,Outcome,Neutral,2026-02-28 02:22
FB002126,REQ001372,20250611,4,Staff Support,Positive,2025-06-11 08:36
FB002127,REQ000860,20251208,5,Staff Support,Positive,2025-12-08 21:14
FB002128,REQ009265,20260429,4,Clarity,Positive,2026-04-29 06:01
FB002129,REQ009654,20260108,5,Usability,Positive,2026-01-08 18:00
FB002130,REQ007132,20260530,4,Staff Support,Positive,2026-05-30 11:57
FB002131,REQ009933,20260521,5,Wait Time,Positive,2026-05-21 04:50
FB002132,REQ001516,20260309,4,Usability,Positive,2026-03-09 00:57
FB002133,REQ005063,20251115,3,Clarity,Neutral,2025-11-15 20:35
FB002134,REQ007756,20260118,3,Staff Support,Neutral,2026-01-18 18:02
FB002135,REQ000183,20251114,3,Usability,Neutral,2025-11-14 18:37
FB002136,REQ002243,20260308,3,Staff Support,Neutral,2026-03-08 09:08
FB002137,REQ004902,20260228,3,Staff Support,Neutral,2026-02-28 04:35
FB002138,REQ004173,20251218,2,Wait Time,Negative,2025-12-18 13:52
FB002139,REQ004161,20260228,5,Outcome,Positive,2026-02-28 15:50
FB002140,REQ006793,20260202,5,Usability,Positive,2026-02-02 13:54
FB002141,REQ006286,20260224,4,Outcome,Positive,2026-02-24 23:40
FB002142,REQ002408,20250627,3,Wait Time,Neutral,2025-06-27 12:02
FB002143,REQ001592,20260216,3,Clarity,Neutral,2026-02-16 19:39
FB002144,REQ008255,20250904,5,Wait Time,Positive,2025-09-04 02:10
FB002145,REQ004559,20260510,5,Clarity,Positive,2026-05-10 05:32
FB002146,REQ004149,20260201,3,Staff Support,Neutral,2026-02-01 00:29
FB002147,REQ005685,20250809,2,Wait Time,Negative,2025-08-09 08:55
FB002148,REQ001767,20260205,4,Wait Time,Positive,2026-02-05 16:52
FB002149,REQ006070,20260303,4,Wait Time,Positive,2026-03-03 10:50
FB002150,REQ005622,20260329,4,Outcome,Positive,2026-03-29 21:38
FB002151,REQ003375,20250731,5,Wait Time,Positive,2025-07-31 15:02
FB002152,REQ007588,20260503,4,Outcome,Positive,2026-05-03 05:35
FB002153,REQ003335,20260530,4,Wait Time,Positive,2026-05-30 07:44
FB002154,REQ001446,20250721,1,Wait Time,Negative,2025-07-21 18:12
FB002155,REQ005164,20251218,1,Outcome,Negative,2025-12-18 07:50
FB002156,REQ007790,20250814,3,Outcome,Neutral,2025-08-14 05:35
FB002157,REQ007326,20250802,5,Usability,Positive,2025-08-02 20:32
FB002158,REQ008882,20260422,3,Wait Time,Neutral,2026-04-22 04:41
FB002159,REQ002323,20250808,3,Outcome,Neutral,2025-08-08 22:26
FB002160,REQ006442,20260306,5,Staff Support,Positive,2026-03-06 21:51
FB002161,REQ004616,20260119,3,Staff Support,Neutral,2026-01-19 23:15
FB002162,REQ001859,20260311,4,Outcome,Positive,2026-03-11 14:22
FB002163,REQ007388,20250919,4,Usability,Positive,2025-09-19 13:10
FB002164,REQ003322,20251109,2,Staff Support,Negative,2025-11-09 16:36
FB002165,REQ003915,20250929,4,Usability,Positive,2025-09-29 05:04
FB002166,REQ005310,20250919,5,Usability,Positive,2025-09-19 20:32
FB002167,REQ005736,20260302,3,Wait Time,Neutral,2026-03-02 14:35
FB002168,REQ008378,20251124,3,Staff Support,Neutral,2025-11-24 21:43
FB002169,REQ000912,20260518,3,Staff Support,Neutral,2026-05-18 00:39
FB002170,REQ007001,20251120,4,Clarity,Positive,2025-11-20 19:36
FB002171,REQ001090,20250813,5,Clarity,Positive,2025-08-13 05:17
FB002172,REQ007951,20260531,5,Staff Support,Positive,2026-05-31 17:34
FB002173,REQ001518,20250913,4,Outcome,Positive,2025-09-13 00:56
FB002174,REQ005081,20251126,5,Wait Time,Positive,2025-11-26 01:07
FB002175,REQ008402,20260408,5,Outcome,Positive,2026-04-08 06:58
FB002176,REQ000336,20250815,5,Wait Time,Positive,2025-08-15 01:38
FB002177,REQ007333,20260103,4,Wait Time,Positive,2026-01-03 19:36
FB002178,REQ009640,20250623,3,Outcome,Neutral,2025-06-23 12:12
FB002179,REQ000289,20250806,3,Wait Time,Neutral,2025-08-06 07:16
FB002180,REQ008106,20260206,3,Wait Time,Neutral,2026-02-06 10:46
FB002181,REQ008769,20250721,4,Wait Time,Positive,2025-07-21 12:32
FB002182,REQ001554,20250912,5,Outcome,Positive,2025-09-12 19:40
FB002183,REQ008559,20250930,2,Wait Time,Negative,2025-09-30 13:31
FB002184,REQ007400,20250905,3,Staff Support,Neutral,2025-09-05 16:03
FB002185,REQ007644,20250804,4,Clarity,Positive,2025-08-04 13:27
FB002186,REQ006649,20260310,4,Clarity,Positive,2026-03-10 05:58
FB002187,REQ007673,20250806,3,Staff Support,Neutral,2025-08-06 07:56
FB002188,REQ005337,20251209,1,Outcome,Negative,2025-12-09 23:34
FB002189,REQ005214,20250616,4,Clarity,Positive,2025-06-16 07:13
FB002190,REQ000296,20251129,3,Wait Time,Neutral,2025-11-29 00:44
FB002191,REQ003997,20251129,3,Usability,Neutral,2025-11-29 12:00
FB002192,REQ005026,20260526,4,Staff Support,Positive,2026-05-26 01:23
FB002193,REQ000540,20260214,4,Clarity,Positive,2026-02-14 09:41
FB002194,REQ005806,20251001,4,Wait Time,Positive,2025-10-01 20:44
FB002195,REQ009651,20250816,4,Usability,Positive,2025-08-16 18:22
FB002196,REQ001607,20250816,2,Wait Time,Negative,2025-08-16 23:13
FB002197,REQ005212,20250901,3,Outcome,Neutral,2025-09-01 02:31
FB002198,REQ005353,20250718,3,Usability,Neutral,2025-07-18 17:42
FB002199,REQ004775,20260201,4,Clarity,Positive,2026-02-01 08:56
FB002200,REQ002904,20250816,3,Wait Time,Neutral,2025-08-16 23:56
FB002201,REQ008260,20260415,4,Staff Support,Positive,2026-04-15 19:16
FB002202,REQ003803,20250928,3,Wait Time,Neutral,2025-09-28 17:25
FB002203,REQ000809,20251227,5,Clarity,Positive,2025-12-27 09:47
FB002204,REQ004071,20260531,4,Outcome,Positive,2026-05-31 00:50
FB002205,REQ004065,20260427,5,Wait Time,Positive,2026-04-27 08:56
FB002206,REQ006465,20250930,4,Outcome,Positive,2025-09-30 20:50
FB002207,REQ007151,20251207,4,Clarity,Positive,2025-12-07 16:21
FB002208,REQ004311,20260516,2,Wait Time,Negative,2026-05-16 18:16
FB002209,REQ006714,20260310,4,Clarity,Positive,2026-03-10 23:09
FB002210,REQ009920,20250718,2,Wait Time,Negative,2025-07-18 15:42
FB002211,REQ007697,20250823,3,Staff Support,Neutral,2025-08-23 03:25
FB002212,REQ009861,20250905,4,Clarity,Positive,2025-09-05 19:54
FB002213,REQ003161,20260102,3,Clarity,Neutral,2026-01-02 02:42
FB002214,REQ008104,20250913,4,Outcome,Positive,2025-09-13 11:09
FB002215,REQ007914,20260303,5,Usability,Positive,2026-03-03 14:15
FB002216,REQ008485,20260515,3,Staff Support,Neutral,2026-05-15 08:03
FB002217,REQ000968,20260102,4,Usability,Positive,2026-01-02 03:31
FB002218,REQ008013,20251120,4,Staff Support,Positive,2025-11-20 03:21
FB002219,REQ003306,20260223,2,Outcome,Negative,2026-02-23 03:47
FB002220,REQ004907,20250715,3,Wait Time,Neutral,2025-07-15 10:55
FB002221,REQ001258,20251231,5,Outcome,Positive,2025-12-31 14:04
FB002222,REQ003501,20260327,4,Clarity,Positive,2026-03-27 02:41
FB002223,REQ009238,20260119,4,Clarity,Positive,2026-01-19 12:33
FB002224,REQ005111,20260513,3,Outcome,Neutral,2026-05-13 20:26
FB002225,REQ007823,20250929,2,Wait Time,Negative,2025-09-29 12:50
FB002226,REQ002876,20250626,3,Wait Time,Neutral,2025-06-26 07:03
FB002227,REQ000959,20260129,4,Outcome,Positive,2026-01-29 02:36
FB002228,REQ004613,20260531,3,Usability,Neutral,2026-05-31 17:43
FB002229,REQ002259,20251011,4,Outcome,Positive,2025-10-11 04:32
FB002230,REQ000060,20251227,4,Wait Time,Positive,2025-12-27 09:48
FB002231,REQ007543,20260402,4,Usability,Positive,2026-04-02 23:50
FB002232,REQ007546,20251207,3,Wait Time,Neutral,2025-12-07 14:05
FB002233,REQ007590,20250624,4,Wait Time,Positive,2025-06-24 03:31
FB002234,REQ009648,20251121,1,Outcome,Negative,2025-11-21 20:19
FB002235,REQ000748,20260128,2,Clarity,Negative,2026-01-28 11:39
FB002236,REQ002655,20250805,4,Wait Time,Positive,2025-08-05 03:44
FB002237,REQ005690,20260217,3,Usability,Neutral,2026-02-17 18:07
FB002238,REQ000640,20260405,5,Usability,Positive,2026-04-05 08:36
FB002239,REQ005216,20251006,4,Clarity,Positive,2025-10-06 08:16
FB002240,REQ009770,20251005,1,Outcome,Negative,2025-10-05 23:41
FB002241,REQ005937,20251209,3,Staff Support,Neutral,2025-12-09 17:50
FB002242,REQ002077,20250906,2,Wait Time,Negative,2025-09-06 08:56
FB002243,REQ006997,20251226,4,Outcome,Positive,2025-12-26 00:20
FB002244,REQ005608,20260130,5,Staff Support,Positive,2026-01-30 19:14
FB002245,REQ002330,20260419,4,Clarity,Positive,2026-04-19 20:03
FB002246,REQ003779,20260430,2,Usability,Negative,2026-04-30 08:45
FB002247,REQ005856,20250626,4,Wait Time,Positive,2025-06-26 21:34
FB002248,REQ007154,20260125,4,Usability,Positive,2026-01-25 05:25
FB002249,REQ003074,20260518,3,Staff Support,Neutral,2026-05-18 05:13
FB002250,REQ009306,20250914,3,Usability,Neutral,2025-09-14 09:57
FB002251,REQ007768,20260123,2,Wait Time,Negative,2026-01-23 22:40
FB002252,REQ008902,20250625,4,Outcome,Positive,2025-06-25 20:05
FB002253,REQ001654,20260201,3,Staff Support,Neutral,2026-02-01 09:50
FB002254,REQ003496,20260201,3,Staff Support,Neutral,2026-02-01 21:26
FB002255,REQ008497,20260531,4,Outcome,Positive,2026-05-31 17:04
FB002256,REQ006687,20250616,5,Staff Support,Positive,2025-06-16 11:08
FB002257,REQ004885,20260330,3,Clarity,Neutral,2026-03-30 04:11
FB002258,REQ008389,20251128,4,Staff Support,Positive,2025-11-28 23:37
FB002259,REQ003226,20250821,1,Wait Time,Negative,2025-08-21 22:19
FB002260,REQ008858,20251017,3,Usability,Neutral,2025-10-17 19:18
FB002261,REQ000885,20251010,2,Staff Support,Negative,2025-10-10 10:56
FB002262,REQ001010,20251217,4,Staff Support,Positive,2025-12-17 07:13
FB002263,REQ009405,20251111,4,Wait Time,Positive,2025-11-11 08:00
FB002264,REQ006608,20260116,2,Clarity,Negative,2026-01-16 03:37
FB002265,REQ008279,20251018,4,Clarity,Positive,2025-10-18 20:08
FB002266,REQ004102,20251231,4,Wait Time,Positive,2025-12-31 17:59
FB002267,REQ008151,20250607,4,Usability,Positive,2025-06-07 13:00
FB002268,REQ009625,20260220,3,Staff Support,Neutral,2026-02-20 15:34
FB002269,REQ001890,20251007,5,Usability,Positive,2025-10-07 18:27
FB002270,REQ000743,20250814,3,Wait Time,Neutral,2025-08-14 16:27
FB002271,REQ005160,20250917,3,Clarity,Neutral,2025-09-17 10:20
FB002272,REQ004670,20250724,5,Wait Time,Positive,2025-07-24 23:38
FB002273,REQ001361,20251030,3,Clarity,Neutral,2025-10-30 23:45
FB002274,REQ007122,20260313,4,Wait Time,Positive,2026-03-13 20:18
FB002275,REQ004364,20260402,4,Clarity,Positive,2026-04-02 06:57
FB002276,REQ009980,20250905,4,Usability,Positive,2025-09-05 00:31
FB002277,REQ005721,20260224,1,Wait Time,Negative,2026-02-24 13:36
FB002278,REQ005602,20251211,3,Staff Support,Neutral,2025-12-11 11:28
FB002279,REQ000106,20260527,4,Wait Time,Positive,2026-05-27 00:09
FB002280,REQ000355,20260525,5,Usability,Positive,2026-05-25 14:45
FB002281,REQ009186,20260219,3,Outcome,Neutral,2026-02-19 13:08
FB002282,REQ009759,20250806,3,Usability,Neutral,2025-08-06 10:07
FB002283,REQ001875,20251121,3,Wait Time,Neutral,2025-11-21 18:31
FB002284,REQ001949,20260218,4,Clarity,Positive,2026-02-18 20:25
FB002285,REQ008217,20251018,2,Wait Time,Negative,2025-10-18 23:11
FB002286,REQ003474,20260221,3,Wait Time,Neutral,2026-02-21 08:18
FB002287,REQ002317,20250724,4,Wait Time,Positive,2025-07-24 01:16
FB002288,REQ009888,20250822,5,Wait Time,Positive,2025-08-22 07:05
FB002289,REQ003547,20250716,1,Wait Time,Negative,2025-07-16 03:53
FB002290,REQ009288,20250716,4,Wait Time,Positive,2025-07-16 03:32
FB002291,REQ008800,20250816,5,Staff Support,Positive,2025-08-16 05:34
FB002292,REQ007737,20250830,4,Clarity,Positive,2025-08-30 11:57
FB002293,REQ003642,20260525,4,Staff Support,Positive,2026-05-25 05:16
FB002294,REQ006980,20250725,4,Staff Support,Positive,2025-07-25 10:21
FB002295,REQ002294,20250812,3,Outcome,Neutral,2025-08-12 22:03
FB002296,REQ005307,20260120,4,Staff Support,Positive,2026-01-20 00:48
FB002297,REQ004893,20250819,4,Outcome,Positive,2025-08-19 17:02
FB002298,REQ005098,20251013,4,Clarity,Positive,2025-10-13 02:04
FB002299,REQ004269,20250724,3,Wait Time,Neutral,2025-07-24 05:29
FB002300,REQ007156,20250728,3,Wait Time,Neutral,2025-07-28 19:02
FB002301,REQ007576,20260514,3,Outcome,Neutral,2026-05-14 06:37
FB002302,REQ003723,20260121,5,Staff Support,Positive,2026-01-21 20:56
FB002303,REQ003060,20250728,5,Clarity,Positive,2025-07-28 14:33
FB002304,REQ000300,20250710,5,Wait Time,Positive,2025-07-10 02:35
FB002305,REQ004535,20260526,4,Wait Time,Positive,2026-05-26 17:33
FB002306,REQ005857,20251210,5,Usability,Positive,2025-12-10 18:43
FB002307,REQ005161,20251216,5,Clarity,Positive,2025-12-16 07:58
FB002308,REQ003076,20260206,5,Usability,Positive,2026-02-06 17:01
FB002309,REQ009470,20250705,4,Clarity,Positive,2025-07-05 03:32
FB002310,REQ005738,20250808,3,Clarity,Neutral,2025-08-08 17:44
FB002311,REQ004403,20251019,4,Usability,Positive,2025-10-19 05:22
FB002312,REQ008885,20251119,3,Usability,Neutral,2025-11-19 23:52
FB002313,REQ007966,20260128,3,Wait Time,Neutral,2026-01-28 05:26
FB002314,REQ000151,20251018,3,Staff Support,Neutral,2025-10-18 12:28
FB002315,REQ000431,20251213,4,Wait Time,Positive,2025-12-13 01:58
FB002316,REQ006186,20260525,2,Outcome,Negative,2026-05-25 12:59
FB002317,REQ005986,20251201,3,Wait Time,Neutral,2025-12-01 20:56
FB002318,REQ008417,20251116,3,Outcome,Neutral,2025-11-16 06:54
FB002319,REQ007495,20251105,4,Wait Time,Positive,2025-11-05 19:46
FB002320,REQ000134,20250924,2,Staff Support,Negative,2025-09-24 03:59
FB002321,REQ000299,20250810,2,Clarity,Negative,2025-08-10 07:17
FB002322,REQ005870,20250816,4,Staff Support,Positive,2025-08-16 08:26
FB002323,REQ000794,20260326,4,Outcome,Positive,2026-03-26 12:17
FB002324,REQ006874,20260102,4,Outcome,Positive,2026-01-02 11:42
FB002325,REQ000626,20250923,4,Clarity,Positive,2025-09-23 19:17
FB002326,REQ009573,20251119,4,Wait Time,Positive,2025-11-19 12:54
FB002327,REQ004439,20260526,2,Outcome,Negative,2026-05-26 03:33
FB002328,REQ007411,20260425,3,Staff Support,Neutral,2026-04-25 11:35
FB002329,REQ009478,20251206,3,Usability,Neutral,2025-12-06 14:07
FB002330,REQ002062,20260129,4,Usability,Positive,2026-01-29 09:59
FB002331,REQ009628,20250906,5,Outcome,Positive,2025-09-06 13:51
FB002332,REQ006319,20250728,4,Clarity,Positive,2025-07-28 14:01
FB002333,REQ001909,20260318,3,Wait Time,Neutral,2026-03-18 18:58
FB002334,REQ006105,20260211,4,Clarity,Positive,2026-02-11 14:10
FB002335,REQ002843,20260207,3,Usability,Neutral,2026-02-07 08:33
FB002336,REQ001128,20250711,5,Outcome,Positive,2025-07-11 17:12
FB002337,REQ004784,20260121,3,Wait Time,Neutral,2026-01-21 17:16
FB002338,REQ007719,20250910,4,Outcome,Positive,2025-09-10 09:03
FB002339,REQ000464,20250807,4,Wait Time,Positive,2025-08-07 00:04
FB002340,REQ007343,20260429,3,Wait Time,Neutral,2026-04-29 00:12
FB002341,REQ007575,20250830,3,Usability,Neutral,2025-08-30 08:46
FB002342,REQ003090,20250619,4,Outcome,Positive,2025-06-19 21:47
FB002343,REQ004213,20260420,4,Staff Support,Positive,2026-04-20 11:30
FB002344,REQ008896,20260411,3,Clarity,Neutral,2026-04-11 08:16
FB002345,REQ009179,20250707,4,Staff Support,Positive,2025-07-07 01:49
FB002346,REQ005938,20260316,2,Clarity,Negative,2026-03-16 05:14
FB002347,REQ005045,20251004,1,Staff Support,Negative,2025-10-04 13:06
FB002348,REQ000492,20250701,4,Staff Support,Positive,2025-07-01 12:23
FB002349,REQ005184,20260325,2,Staff Support,Negative,2026-03-25 06:21
FB002350,REQ004780,20260313,3,Wait Time,Neutral,2026-03-13 17:51
FB002351,REQ007746,20250713,4,Wait Time,Positive,2025-07-13 10:46
FB002352,REQ006007,20250816,4,Clarity,Positive,2025-08-16 00:42
FB002353,REQ008530,20250705,4,Clarity,Positive,2025-07-05 01:37
FB002354,REQ009939,20250813,3,Usability,Neutral,2025-08-13 07:01
FB002355,REQ006992,20251207,2,Clarity,Negative,2025-12-07 06:54
FB002356,REQ009289,20251023,4,Staff Support,Positive,2025-10-23 06:27
FB002357,REQ007952,20250828,5,Staff Support,Positive,2025-08-28 03:15
FB002358,REQ008752,20250925,5,Clarity,Positive,2025-09-25 14:02
FB002359,REQ000972,20260219,2,Outcome,Negative,2026-02-19 10:11
FB002360,REQ006700,20260216,3,Clarity,Neutral,2026-02-16 20:29
FB002361,REQ005942,20260115,3,Staff Support,Neutral,2026-01-15 07:41
FB002362,REQ002250,20260429,4,Clarity,Positive,2026-04-29 03:12
FB002363,REQ008144,20250917,5,Staff Support,Positive,2025-09-17 23:54
FB002364,REQ004891,20250801,3,Outcome,Neutral,2025-08-01 02:49
FB002365,REQ001760,20260125,3,Clarity,Neutral,2026-01-25 02:46
FB002366,REQ009089,20250917,5,Clarity,Positive,2025-09-17 15:04
FB002367,REQ003655,20250712,3,Wait Time,Neutral,2025-07-12 14:25
FB002368,REQ007480,20260311,5,Wait Time,Positive,2026-03-11 10:13
FB002369,REQ000924,20250819,3,Outcome,Neutral,2025-08-19 15:52
FB002370,REQ004965,20251015,5,Outcome,Positive,2025-10-15 21:17
FB002371,REQ002667,20260320,5,Clarity,Positive,2026-03-20 16:34
FB002372,REQ001983,20250720,4,Staff Support,Positive,2025-07-20 06:52
FB002373,REQ008119,20250904,3,Usability,Neutral,2025-09-04 21:09
FB002374,REQ002810,20251026,4,Outcome,Positive,2025-10-26 08:44
FB002375,REQ006670,20260505,4,Outcome,Positive,2026-05-05 21:22
FB002376,REQ007125,20260316,4,Usability,Positive,2026-03-16 10:49
FB002377,REQ002527,20250904,4,Wait Time,Positive,2025-09-04 02:15
FB002378,REQ003741,20250802,3,Outcome,Neutral,2025-08-02 20:32
FB002379,REQ006983,20251017,4,Outcome,Positive,2025-10-17 13:58
FB002380,REQ003659,20251018,3,Outcome,Neutral,2025-10-18 10:21
FB002381,REQ001944,20250906,4,Wait Time,Positive,2025-09-06 21:02
FB002382,REQ009592,20250930,2,Outcome,Negative,2025-09-30 22:24
FB002383,REQ001664,20251128,4,Wait Time,Positive,2025-11-28 00:08
FB002384,REQ006387,20260301,3,Usability,Neutral,2026-03-01 12:03
FB002385,REQ009482,20260127,3,Staff Support,Neutral,2026-01-27 19:35
FB002386,REQ002516,20250626,4,Clarity,Positive,2025-06-26 17:47
FB002387,REQ004157,20260121,4,Clarity,Positive,2026-01-21 02:37
FB002388,REQ002458,20251208,4,Outcome,Positive,2025-12-08 00:20
FB002389,REQ003151,20251130,4,Clarity,Positive,2025-11-30 00:39
FB002390,REQ005005,20250622,4,Outcome,Positive,2025-06-22 22:18
FB002391,REQ004139,20260213,5,Clarity,Positive,2026-02-13 17:05
FB002392,REQ003358,20260529,4,Staff Support,Positive,2026-05-29 10:18
FB002393,REQ007346,20260531,3,Staff Support,Neutral,2026-05-31 17:24
FB002394,REQ009672,20250707,3,Usability,Neutral,2025-07-07 05:09
FB002395,REQ001623,20260421,5,Usability,Positive,2026-04-21 10:17
FB002396,REQ005814,20250710,5,Clarity,Positive,2025-07-10 11:03
FB002397,REQ008140,20260413,4,Outcome,Positive,2026-04-13 21:04
FB002398,REQ008513,20250611,5,Usability,Positive,2025-06-11 11:01
FB002399,REQ001110,20251117,5,Wait Time,Positive,2025-11-17 19:24
FB002400,REQ002042,20260309,3,Wait Time,Neutral,2026-03-09 22:37
FB002401,REQ001506,20250718,5,Usability,Positive,2025-07-18 06:43
FB002402,REQ001877,20251126,1,Wait Time,Negative,2025-11-26 04:06
FB002403,REQ005905,20250808,3,Staff Support,Neutral,2025-08-08 06:47
FB002404,REQ000671,20250701,1,Wait Time,Negative,2025-07-01 08:00
FB002405,REQ005572,20251014,4,Clarity,Positive,2025-10-14 02:53
FB002406,REQ001402,20250616,4,Usability,Positive,2025-06-16 19:19
FB002407,REQ004882,20251008,3,Staff Support,Neutral,2025-10-08 16:56
FB002408,REQ003265,20250605,3,Staff Support,Neutral,2025-06-05 10:12
FB002409,REQ006280,20251226,4,Outcome,Positive,2025-12-26 16:21
FB002410,REQ002421,20250709,3,Clarity,Neutral,2025-07-09 15:31
FB002411,REQ004877,20251109,3,Usability,Neutral,2025-11-09 15:25
FB002412,REQ005880,20250915,4,Outcome,Positive,2025-09-15 02:06
FB002413,REQ003767,20250615,4,Clarity,Positive,2025-06-15 18:56
FB002414,REQ001477,20250921,5,Staff Support,Positive,2025-09-21 01:29
FB002415,REQ006971,20250608,3,Usability,Neutral,2025-06-08 13:26
FB002416,REQ009434,20251015,5,Staff Support,Positive,2025-10-15 07:28
FB002417,REQ009479,20250812,3,Usability,Neutral,2025-08-12 18:20
FB002418,REQ009587,20251130,4,Clarity,Positive,2025-11-30 01:22
FB002419,REQ007883,20260324,4,Wait Time,Positive,2026-03-24 01:11
FB002420,REQ004349,20260506,2,Clarity,Negative,2026-05-06 20:27
FB002421,REQ002685,20251217,3,Clarity,Neutral,2025-12-17 10:11
FB002422,REQ000700,20251027,2,Usability,Negative,2025-10-27 10:29
FB002423,REQ008020,20250915,1,Staff Support,Negative,2025-09-15 10:58
FB002424,REQ003181,20251126,4,Clarity,Positive,2025-11-26 10:53
FB002425,REQ008444,20260305,3,Wait Time,Neutral,2026-03-05 15:21
FB002426,REQ006764,20250816,3,Usability,Neutral,2025-08-16 04:40
FB002427,REQ004562,20260113,5,Usability,Positive,2026-01-13 08:48
FB002428,REQ008638,20250914,5,Outcome,Positive,2025-09-14 05:48
FB002429,REQ006489,20250706,2,Outcome,Negative,2025-07-06 06:29
FB002430,REQ001925,20260318,5,Wait Time,Positive,2026-03-18 16:18
FB002431,REQ003970,20250814,4,Clarity,Positive,2025-08-14 20:22
FB002432,REQ001726,20260511,3,Outcome,Neutral,2026-05-11 18:41
FB002433,REQ004119,20260218,4,Clarity,Positive,2026-02-18 00:56
FB002434,REQ001246,20260106,5,Wait Time,Positive,2026-01-06 04:51
FB002435,REQ002552,20251114,5,Wait Time,Positive,2025-11-14 23:48
FB002436,REQ001320,20260504,4,Wait Time,Positive,2026-05-04 08:52
FB002437,REQ003224,20251122,3,Outcome,Neutral,2025-11-22 16:10
FB002438,REQ003982,20251114,3,Usability,Neutral,2025-11-14 18:10
FB002439,REQ005782,20250629,5,Wait Time,Positive,2025-06-29 14:14
FB002440,REQ005463,20260330,5,Usability,Positive,2026-03-30 17:27
FB002441,REQ007239,20251106,5,Staff Support,Positive,2025-11-06 01:26
FB002442,REQ006728,20260314,5,Clarity,Positive,2026-03-14 11:57
FB002443,REQ001636,20251003,4,Staff Support,Positive,2025-10-03 06:43
FB002444,REQ007391,20260429,4,Staff Support,Positive,2026-04-29 13:43
FB002445,REQ004162,20260414,4,Clarity,Positive,2026-04-14 17:20
FB002446,REQ009280,20260420,5,Clarity,Positive,2026-04-20 00:59
FB002447,REQ000661,20251112,3,Staff Support,Neutral,2025-11-12 13:50
FB002448,REQ007824,20251228,3,Outcome,Neutral,2025-12-28 02:27
FB002449,REQ001392,20260126,2,Clarity,Negative,2026-01-26 03:27
FB002450,REQ001282,20250628,3,Staff Support,Neutral,2025-06-28 13:58
FB002451,REQ000264,20250828,3,Outcome,Neutral,2025-08-28 21:50
FB002452,REQ001840,20260530,3,Clarity,Neutral,2026-05-30 06:27
FB002453,REQ003315,20250809,4,Wait Time,Positive,2025-08-09 18:25
FB002454,REQ008569,20250916,4,Outcome,Positive,2025-09-16 08:34
FB002455,REQ007158,20260510,5,Outcome,Positive,2026-05-10 02:40
FB002456,REQ005823,20250904,4,Staff Support,Positive,2025-09-04 06:57
FB002457,REQ008930,20250629,3,Wait Time,Neutral,2025-06-29 07:22
FB002458,REQ002890,20260529,2,Wait Time,Negative,2026-05-29 00:21
FB002459,REQ006368,20251117,3,Staff Support,Neutral,2025-11-17 07:08
FB002460,REQ006644,20260118,2,Clarity,Negative,2026-01-18 20:43
FB002461,REQ001769,20260228,5,Outcome,Positive,2026-02-28 10:20
FB002462,REQ008349,20250612,5,Outcome,Positive,2025-06-12 12:31
FB002463,REQ007139,20260210,5,Staff Support,Positive,2026-02-10 21:03
FB002464,REQ009725,20260510,2,Clarity,Negative,2026-05-10 23:55
FB002465,REQ005759,20260319,2,Usability,Negative,2026-03-19 12:27
FB002466,REQ005334,20251222,4,Clarity,Positive,2025-12-22 11:04
FB002467,REQ003085,20250729,4,Usability,Positive,2025-07-29 11:13
FB002468,REQ001470,20250801,4,Wait Time,Positive,2025-08-01 10:48
FB002469,REQ007252,20250821,2,Usability,Negative,2025-08-21 12:46
FB002470,REQ005430,20260130,2,Clarity,Negative,2026-01-30 12:53
FB002471,REQ007749,20251110,2,Staff Support,Negative,2025-11-10 01:54
FB002472,REQ009411,20250822,4,Clarity,Positive,2025-08-22 18:24
FB002473,REQ009947,20250926,3,Outcome,Neutral,2025-09-26 10:40
FB002474,REQ008943,20260526,3,Outcome,Neutral,2026-05-26 02:03
FB002475,REQ009236,20260121,3,Wait Time,Neutral,2026-01-21 18:51
FB002476,REQ006313,20250918,5,Staff Support,Positive,2025-09-18 21:22
FB002477,REQ005966,20260415,2,Outcome,Negative,2026-04-15 19:37
FB002478,REQ001441,20250606,3,Staff Support,Neutral,2025-06-06 05:56
FB002479,REQ005886,20260118,1,Clarity,Negative,2026-01-18 07:35
FB002480,REQ004933,20260523,3,Staff Support,Neutral,2026-05-23 02:58
FB002481,REQ005832,20251130,3,Staff Support,Neutral,2025-11-30 04:40
FB002482,REQ009451,20250910,5,Wait Time,Positive,2025-09-10 21:17
FB002483,REQ002539,20260330,1,Clarity,Negative,2026-03-30 02:00
FB002484,REQ007683,20251104,3,Wait Time,Neutral,2025-11-04 14:42
FB002485,REQ006370,20260531,3,Staff Support,Neutral,2026-05-31 17:49
FB002486,REQ007246,20250823,5,Outcome,Positive,2025-08-23 12:55
FB002487,REQ003755,20251228,2,Usability,Negative,2025-12-28 02:52
FB002488,REQ004730,20250919,4,Wait Time,Positive,2025-09-19 08:27
FB002489,REQ004131,20250613,5,Clarity,Positive,2025-06-13 18:07
FB002490,REQ007417,20251011,3,Outcome,Neutral,2025-10-11 10:14
FB002491,REQ004122,20260130,4,Wait Time,Positive,2026-01-30 06:24
FB002492,REQ000583,20251016,4,Outcome,Positive,2025-10-16 01:10
FB002493,REQ003380,20250718,4,Outcome,Positive,2025-07-18 22:54
FB002494,REQ001672,20251215,5,Outcome,Positive,2025-12-15 13:41
FB002495,REQ001971,20251118,3,Wait Time,Neutral,2025-11-18 02:09
FB002496,REQ007506,20250829,2,Staff Support,Negative,2025-08-29 11:39
FB002497,REQ006536,20250616,5,Outcome,Positive,2025-06-16 08:37
FB002498,REQ009894,20251215,4,Usability,Positive,2025-12-15 14:05
FB002499,REQ003307,20260330,5,Outcome,Positive,2026-03-30 08:52
FB002500,REQ001577,20250611,4,Wait Time,Positive,2025-06-11 08:09
FB002501,REQ009713,20260527,4,Wait Time,Positive,2026-05-27 09:03
FB002502,REQ009135,20251112,3,Staff Support,Neutral,2025-11-12 11:08
FB002503,REQ007445,20251120,5,Clarity,Positive,2025-11-20 14:15
FB002504,REQ007718,20251229,5,Wait Time,Positive,2025-12-29 04:44
FB002505,REQ006724,20250709,3,Usability,Neutral,2025-07-09 21:54
FB002506,REQ004227,20260328,3,Wait Time,Neutral,2026-03-28 16:09
FB002507,REQ004978,20251013,3,Wait Time,Neutral,2025-10-13 09:45
FB002508,REQ008023,20250702,5,Usability,Positive,2025-07-02 03:46
FB002509,REQ004873,20251114,2,Clarity,Negative,2025-11-14 07:13
FB002510,REQ009721,20251121,4,Clarity,Positive,2025-11-21 12:30
FB002511,REQ001916,20250715,4,Outcome,Positive,2025-07-15 11:57
FB002512,REQ006455,20250716,4,Clarity,Positive,2025-07-16 09:15
FB002513,REQ005892,20260503,2,Outcome,Negative,2026-05-03 11:25
FB002514,REQ002207,20251003,4,Outcome,Positive,2025-10-03 19:57
FB002515,REQ004487,20250605,3,Staff Support,Neutral,2025-06-05 10:45
FB002516,REQ006385,20251006,5,Staff Support,Positive,2025-10-06 01:46
FB002517,REQ004505,20260427,5,Wait Time,Positive,2026-04-27 00:26
FB002518,REQ007867,20260527,4,Outcome,Positive,2026-05-27 16:58
FB002519,REQ002666,20260321,5,Wait Time,Positive,2026-03-21 05:01
FB002520,REQ007597,20250906,2,Staff Support,Negative,2025-09-06 04:48
FB002521,REQ001003,20260104,3,Clarity,Neutral,2026-01-04 12:33
FB002522,REQ008373,20250905,5,Clarity,Positive,2025-09-05 17:39
FB002523,REQ003557,20251123,4,Wait Time,Positive,2025-11-23 13:41
FB002524,REQ005258,20250712,2,Clarity,Negative,2025-07-12 08:27
FB002525,REQ005891,20260509,4,Clarity,Positive,2026-05-09 21:41
FB002526,REQ000610,20260312,4,Wait Time,Positive,2026-03-12 07:51
FB002527,REQ008442,20260120,4,Wait Time,Positive,2026-01-20 02:35
FB002528,REQ008071,20260117,5,Wait Time,Positive,2026-01-17 14:54
FB002529,REQ009788,20251221,2,Wait Time,Negative,2025-12-21 18:13
FB002530,REQ006366,20250727,2,Outcome,Negative,2025-07-27 16:36
FB002531,REQ000975,20251224,4,Staff Support,Positive,2025-12-24 11:33
FB002532,REQ005360,20251104,4,Usability,Positive,2025-11-04 22:39
FB002533,REQ008778,20260225,4,Usability,Positive,2026-02-25 22:37
FB002534,REQ005137,20260506,2,Staff Support,Negative,2026-05-06 20:40
FB002535,REQ007743,20260423,4,Wait Time,Positive,2026-04-23 01:47
FB002536,REQ003860,20250922,5,Usability,Positive,2025-09-22 08:34
FB002537,REQ006113,20260328,5,Usability,Positive,2026-03-28 14:29
FB002538,REQ000446,20250816,3,Staff Support,Neutral,2025-08-16 06:15
FB002539,REQ008734,20260411,5,Outcome,Positive,2026-04-11 03:50
FB002540,REQ008834,20250722,5,Wait Time,Positive,2025-07-22 08:39
FB002541,REQ007586,20260502,4,Clarity,Positive,2026-05-02 23:59
FB002542,REQ003862,20250804,4,Wait Time,Positive,2025-08-04 23:26
FB002543,REQ007906,20250723,4,Wait Time,Positive,2025-07-23 08:08
FB002544,REQ009826,20250806,4,Clarity,Positive,2025-08-06 22:01
FB002545,REQ001644,20250929,5,Clarity,Positive,2025-09-29 20:51
FB002546,REQ008523,20250826,3,Clarity,Neutral,2025-08-26 21:20
FB002547,REQ002971,20250623,5,Usability,Positive,2025-06-23 19:04
FB002548,REQ009101,20250912,4,Staff Support,Positive,2025-09-12 13:37
FB002549,REQ009937,20250710,4,Usability,Positive,2025-07-10 08:55
FB002550,REQ003830,20251006,4,Usability,Positive,2025-10-06 08:16
FB002551,REQ000804,20251023,3,Outcome,Neutral,2025-10-23 19:05
FB002552,REQ004989,20251204,4,Staff Support,Positive,2025-12-04 07:43
FB002553,REQ002533,20251028,4,Outcome,Positive,2025-10-28 06:26
FB002554,REQ005083,20250911,4,Staff Support,Positive,2025-09-11 02:11
FB002555,REQ005541,20250726,4,Staff Support,Positive,2025-07-26 05:09
FB002556,REQ003188,20260430,3,Clarity,Neutral,2026-04-30 16:21
FB002557,REQ001822,20251031,5,Staff Support,Positive,2025-10-31 14:55
FB002558,REQ007300,20250730,3,Clarity,Neutral,2025-07-30 04:28
FB002559,REQ007634,20250823,4,Usability,Positive,2025-08-23 13:49
FB002560,REQ007427,20260414,3,Usability,Neutral,2026-04-14 13:37
FB002561,REQ005920,20251101,3,Staff Support,Neutral,2025-11-01 07:33
FB002562,REQ009008,20260423,2,Staff Support,Negative,2026-04-23 08:29
FB002563,REQ008226,20250608,5,Usability,Positive,2025-06-08 04:12
FB002564,REQ003166,20260424,4,Wait Time,Positive,2026-04-24 03:41
FB002565,REQ002694,20260330,4,Wait Time,Positive,2026-03-30 19:37
FB002566,REQ002305,20260423,4,Staff Support,Positive,2026-04-23 20:30
FB002567,REQ008567,20251002,4,Usability,Positive,2025-10-02 19:17
FB002568,REQ007656,20260523,4,Clarity,Positive,2026-05-23 21:31
FB002569,REQ001728,20250923,3,Usability,Neutral,2025-09-23 18:50
FB002570,REQ008904,20250605,3,Wait Time,Neutral,2025-06-05 02:11
FB002571,REQ008719,20260529,3,Wait Time,Neutral,2026-05-29 19:04
FB002572,REQ006099,20251001,2,Clarity,Negative,2025-10-01 15:20
FB002573,REQ008077,20260117,4,Outcome,Positive,2026-01-17 03:22
FB002574,REQ004691,20250609,4,Clarity,Positive,2025-06-09 11:11
FB002575,REQ008477,20251224,4,Wait Time,Positive,2025-12-24 08:36
FB002576,REQ008465,20260108,3,Usability,Neutral,2026-01-08 04:24
FB002577,REQ009114,20251213,4,Outcome,Positive,2025-12-13 20:42
FB002578,REQ000863,20251224,4,Usability,Positive,2025-12-24 07:53
FB002579,REQ008704,20251101,5,Outcome,Positive,2025-11-01 10:26
FB002580,REQ008154,20260124,4,Staff Support,Positive,2026-01-24 19:12
FB002581,REQ008340,20251216,3,Clarity,Neutral,2025-12-16 15:22
FB002582,REQ006949,20250723,3,Usability,Neutral,2025-07-23 04:28
FB002583,REQ008125,20260425,3,Staff Support,Neutral,2026-04-25 19:25
FB002584,REQ000890,20251002,4,Usability,Positive,2025-10-02 05:59
FB002585,REQ006566,20250825,3,Usability,Neutral,2025-08-25 10:14
FB002586,REQ002899,20250803,2,Outcome,Negative,2025-08-03 12:37
FB002587,REQ006466,20260319,5,Outcome,Positive,2026-03-19 05:48
FB002588,REQ006461,20260427,4,Staff Support,Positive,2026-04-27 02:33
FB002589,REQ004800,20260528,4,Wait Time,Positive,2026-05-28 10:27
FB002590,REQ007262,20260405,2,Clarity,Negative,2026-04-05 19:24
FB002591,REQ005446,20260303,4,Usability,Positive,2026-03-03 14:19
FB002592,REQ006498,20260522,3,Wait Time,Neutral,2026-05-22 21:29
FB002593,REQ003027,20260505,3,Wait Time,Neutral,2026-05-05 13:34
FB002594,REQ000278,20250623,3,Usability,Neutral,2025-06-23 15:08
FB002595,REQ008646,20260530,5,Outcome,Positive,2026-05-30 18:07
FB002596,REQ008570,20250903,3,Clarity,Neutral,2025-09-03 20:00
FB002597,REQ002368,20260401,3,Wait Time,Neutral,2026-04-01 03:20
FB002598,REQ006069,20250626,4,Usability,Positive,2025-06-26 07:39
FB002599,REQ002129,20260213,4,Clarity,Positive,2026-02-13 22:11
FB002600,REQ008092,20260329,5,Wait Time,Positive,2026-03-29 16:39
FB002601,REQ009015,20250827,3,Wait Time,Neutral,2025-08-27 14:54
FB002602,REQ005993,20260531,4,Usability,Positive,2026-05-31 17:32
FB002603,REQ006327,20250812,4,Outcome,Positive,2025-08-12 11:58
FB002604,REQ002766,20251221,4,Outcome,Positive,2025-12-21 04:24
FB002605,REQ001673,20251231,3,Wait Time,Neutral,2025-12-31 16:37
FB002606,REQ004700,20260512,3,Wait Time,Neutral,2026-05-12 19:29
FB002607,REQ006130,20260418,5,Staff Support,Positive,2026-04-18 10:02
FB002608,REQ007807,20260406,5,Outcome,Positive,2026-04-06 03:44
FB002609,REQ007032,20250904,3,Wait Time,Neutral,2025-09-04 13:55
FB002610,REQ003715,20251009,2,Wait Time,Negative,2025-10-09 18:14
FB002611,REQ000053,20260407,2,Staff Support,Negative,2026-04-07 02:41
FB002612,REQ006249,20250717,2,Wait Time,Negative,2025-07-17 08:39
FB002613,REQ004344,20260128,4,Clarity,Positive,2026-01-28 23:23
FB002614,REQ002254,20260325,2,Wait Time,Negative,2026-03-25 13:29
FB002615,REQ009593,20260216,3,Wait Time,Neutral,2026-02-16 06:49
FB002616,REQ009572,20250922,3,Usability,Neutral,2025-09-22 09:50
FB002617,REQ007978,20260117,3,Outcome,Neutral,2026-01-17 03:39
FB002618,REQ006334,20250713,3,Staff Support,Neutral,2025-07-13 09:31
FB002619,REQ002416,20250707,4,Usability,Positive,2025-07-07 14:38
FB002620,REQ003594,20260128,4,Usability,Positive,2026-01-28 10:24
FB002621,REQ008622,20250819,3,Clarity,Neutral,2025-08-19 22:16
FB002622,REQ000400,20260428,5,Staff Support,Positive,2026-04-28 20:11
FB002623,REQ009212,20250627,4,Usability,Positive,2025-06-27 11:05
FB002624,REQ005972,20260315,5,Staff Support,Positive,2026-03-15 16:36
FB002625,REQ007347,20250704,3,Wait Time,Neutral,2025-07-04 21:26
FB002626,REQ004990,20250720,4,Outcome,Positive,2025-07-20 11:00
FB002627,REQ008341,20260508,4,Outcome,Positive,2026-05-08 00:57
FB002628,REQ001165,20260111,3,Wait Time,Neutral,2026-01-11 05:41
FB002629,REQ009676,20260328,5,Outcome,Positive,2026-03-28 08:02
FB002630,REQ004069,20250614,4,Outcome,Positive,2025-06-14 13:26
FB002631,REQ006785,20251229,3,Wait Time,Neutral,2025-12-29 11:54
FB002632,REQ005979,20250915,3,Usability,Neutral,2025-09-15 03:26
FB002633,REQ006430,20260412,4,Wait Time,Positive,2026-04-12 23:45
FB002634,REQ006018,20260531,5,Clarity,Positive,2026-05-31 17:13
FB002635,REQ003024,20260523,3,Outcome,Neutral,2026-05-23 05:24
FB002636,REQ005433,20251028,3,Usability,Neutral,2025-10-28 01:12
FB002637,REQ003698,20251019,2,Clarity,Negative,2025-10-19 10:24
FB002638,REQ007814,20260217,4,Outcome,Positive,2026-02-17 07:16
FB002639,REQ003622,20260311,3,Outcome,Neutral,2026-03-11 05:47
FB002640,REQ009911,20260226,2,Outcome,Negative,2026-02-26 23:30
FB002641,REQ007457,20250611,2,Clarity,Negative,2025-06-11 01:33
FB002642,REQ008848,20251130,3,Wait Time,Neutral,2025-11-30 09:36
FB002643,REQ002292,20251019,3,Outcome,Neutral,2025-10-19 07:18
FB002644,REQ000917,20260219,3,Usability,Neutral,2026-02-19 06:15
FB002645,REQ002191,20251105,1,Outcome,Negative,2025-11-05 01:21
FB002646,REQ004146,20250911,5,Usability,Positive,2025-09-11 10:35
FB002647,REQ006074,20260226,1,Outcome,Negative,2026-02-26 04:09
FB002648,REQ009198,20250721,4,Usability,Positive,2025-07-21 01:03
FB002649,REQ000072,20250722,4,Staff Support,Positive,2025-07-22 00:33
FB002650,REQ000561,20251129,3,Outcome,Neutral,2025-11-29 20:44
FB002651,REQ003697,20250818,4,Wait Time,Positive,2025-08-18 06:27
FB002652,REQ008899,20250910,4,Wait Time,Positive,2025-09-10 01:11
FB002653,REQ001415,20251107,4,Staff Support,Positive,2025-11-07 15:04
FB002654,REQ006870,20251107,4,Clarity,Positive,2025-11-07 05:28
FB002655,REQ000021,20260513,4,Outcome,Positive,2026-05-13 15:54
FB002656,REQ007092,20251206,4,Staff Support,Positive,2025-12-06 04:43
FB002657,REQ002517,20260520,3,Wait Time,Neutral,2026-05-20 09:04
FB002658,REQ004314,20260225,4,Wait Time,Positive,2026-02-25 11:07
FB002659,REQ006890,20250804,2,Wait Time,Negative,2025-08-04 08:44
FB002660,REQ001771,20251030,3,Staff Support,Neutral,2025-10-30 15:44
FB002661,REQ001218,20260515,4,Staff Support,Positive,2026-05-15 09:08
FB002662,REQ007235,20250816,4,Wait Time,Positive,2025-08-16 09:57
FB002663,REQ004431,20260111,1,Staff Support,Negative,2026-01-11 07:28
FB002664,REQ000954,20250711,3,Staff Support,Neutral,2025-07-11 04:32
FB002665,REQ006720,20250626,2,Wait Time,Negative,2025-06-26 20:23
FB002666,REQ007150,20251002,3,Wait Time,Neutral,2025-10-02 16:47
FB002667,REQ009447,20260201,4,Staff Support,Positive,2026-02-01 07:37
FB002668,REQ004378,20251101,2,Staff Support,Negative,2025-11-01 12:04
FB002669,REQ008742,20260102,5,Wait Time,Positive,2026-01-02 10:54
FB002670,REQ002563,20250808,3,Outcome,Neutral,2025-08-08 04:29
FB002671,REQ003649,20251130,5,Clarity,Positive,2025-11-30 10:42
FB002672,REQ001369,20260127,2,Wait Time,Negative,2026-01-27 03:58
FB002673,REQ008166,20260102,5,Clarity,Positive,2026-01-02 13:30
FB002674,REQ005224,20260307,5,Staff Support,Positive,2026-03-07 00:33
FB002675,REQ003823,20260210,3,Staff Support,Neutral,2026-02-10 15:42
FB002676,REQ007559,20250623,3,Staff Support,Neutral,2025-06-23 05:53
FB002677,REQ000255,20260315,4,Outcome,Positive,2026-03-15 10:14
FB002678,REQ005894,20251125,3,Wait Time,Neutral,2025-11-25 09:28
FB002679,REQ005294,20251114,4,Usability,Positive,2025-11-14 20:02
FB002680,REQ002911,20251022,3,Wait Time,Neutral,2025-10-22 00:46
FB002681,REQ004240,20250810,4,Clarity,Positive,2025-08-10 16:38
FB002682,REQ006751,20250722,2,Clarity,Negative,2025-07-22 14:53
FB002683,REQ005845,20250708,4,Staff Support,Positive,2025-07-08 00:04
FB002684,REQ009368,20260416,3,Clarity,Neutral,2026-04-16 15:07
FB002685,REQ009325,20251023,4,Usability,Positive,2025-10-23 11:20
FB002686,REQ000770,20260321,2,Outcome,Negative,2026-03-21 02:44
FB002687,REQ001903,20251115,1,Usability,Negative,2025-11-15 11:00
FB002688,REQ005197,20251005,5,Clarity,Positive,2025-10-05 19:51
FB002689,REQ005434,20251222,3,Usability,Neutral,2025-12-22 07:34
FB002690,REQ001848,20250916,4,Clarity,Positive,2025-09-16 22:30
FB002691,REQ008309,20250801,3,Clarity,Neutral,2025-08-01 15:31
FB002692,REQ009031,20250614,2,Clarity,Negative,2025-06-14 20:49
FB002693,REQ004231,20260310,3,Outcome,Neutral,2026-03-10 11:52
FB002694,REQ003762,20260208,2,Outcome,Negative,2026-02-08 01:17
FB002695,REQ000544,20260415,4,Usability,Positive,2026-04-15 15:46
FB002696,REQ008441,20251103,3,Staff Support,Neutral,2025-11-03 22:59
FB002697,REQ000705,20251219,4,Outcome,Positive,2025-12-19 17:01
FB002698,REQ007689,20260515,4,Staff Support,Positive,2026-05-15 16:35
FB002699,REQ009463,20260123,2,Clarity,Negative,2026-01-23 22:59
FB002700,REQ007616,20250721,5,Wait Time,Positive,2025-07-21 02:29
FB002701,REQ004053,20260321,5,Wait Time,Positive,2026-03-21 20:16
FB002702,REQ002679,20260104,3,Usability,Neutral,2026-01-04 15:30
FB002703,REQ004085,20260304,4,Staff Support,Positive,2026-03-04 04:19
FB002704,REQ002705,20251220,5,Usability,Positive,2025-12-20 04:39
FB002705,REQ006500,20260519,3,Outcome,Neutral,2026-05-19 01:43
FB002706,REQ001149,20251208,1,Staff Support,Negative,2025-12-08 11:54
FB002707,REQ003246,20251001,3,Clarity,Neutral,2025-10-01 22:15
FB002708,REQ002695,20251003,5,Wait Time,Positive,2025-10-03 01:13
FB002709,REQ008026,20260531,5,Wait Time,Positive,2026-05-31 17:28
FB002710,REQ005659,20250606,4,Wait Time,Positive,2025-06-06 23:12
FB002711,REQ009484,20251213,5,Clarity,Positive,2025-12-13 12:13
FB002712,REQ004985,20251203,5,Outcome,Positive,2025-12-03 17:30
FB002713,REQ001992,20251015,4,Wait Time,Positive,2025-10-15 04:16
FB002714,REQ008076,20250712,4,Wait Time,Positive,2025-07-12 13:31
FB002715,REQ005525,20260424,5,Staff Support,Positive,2026-04-24 04:20
FB002716,REQ005753,20260411,4,Staff Support,Positive,2026-04-11 13:59
FB002717,REQ006892,20251123,3,Wait Time,Neutral,2025-11-23 10:55
FB002718,REQ001428,20251207,4,Wait Time,Positive,2025-12-07 12:27
FB002719,REQ006147,20251009,2,Wait Time,Negative,2025-10-09 06:03
FB002720,REQ000135,20260201,2,Staff Support,Negative,2026-02-01 22:33
FB002721,REQ007902,20260111,2,Outcome,Negative,2026-01-11 15:30
FB002722,REQ000356,20250823,4,Usability,Positive,2025-08-23 05:05
FB002723,REQ002772,20250626,4,Usability,Positive,2025-06-26 10:39
FB002724,REQ003592,20260501,5,Staff Support,Positive,2026-05-01 21:20
FB002725,REQ005109,20250808,3,Clarity,Neutral,2025-08-08 08:22
FB002726,REQ008024,20260422,4,Wait Time,Positive,2026-04-22 10:46
FB002727,REQ009038,20260203,3,Clarity,Neutral,2026-02-03 22:47
FB002728,REQ000750,20251117,5,Clarity,Positive,2025-11-17 15:54
FB002729,REQ002489,20251220,5,Clarity,Positive,2025-12-20 15:00
FB002730,REQ003508,20250726,5,Usability,Positive,2025-07-26 12:11
FB002731,REQ007977,20260418,5,Staff Support,Positive,2026-04-18 14:03
FB002732,REQ008558,20251016,4,Wait Time,Positive,2025-10-16 23:14
FB002733,REQ005031,20260509,5,Outcome,Positive,2026-05-09 11:50
FB002734,REQ004831,20251223,2,Usability,Negative,2025-12-23 17:40
FB002735,REQ007547,20250729,4,Clarity,Positive,2025-07-29 00:12
FB002736,REQ008035,20260316,3,Outcome,Neutral,2026-03-16 22:37
FB002737,REQ001030,20260325,4,Outcome,Positive,2026-03-25 06:08
FB002738,REQ000682,20250905,3,Wait Time,Neutral,2025-09-05 16:05
FB002739,REQ001436,20260126,4,Wait Time,Positive,2026-01-26 14:23
FB002740,REQ007322,20260210,4,Outcome,Positive,2026-02-10 18:42
FB002741,REQ008427,20260213,5,Outcome,Positive,2026-02-13 02:11
FB002742,REQ008385,20260215,3,Wait Time,Neutral,2026-02-15 01:05
FB002743,REQ006031,20250731,3,Wait Time,Neutral,2025-07-31 09:00
FB002744,REQ002979,20251020,4,Usability,Positive,2025-10-20 20:38
FB002745,REQ005623,20260114,3,Staff Support,Neutral,2026-01-14 18:15
FB002746,REQ000269,20260427,3,Wait Time,Neutral,2026-04-27 14:50
FB002747,REQ003902,20260121,3,Usability,Neutral,2026-01-21 02:53
FB002748,REQ000490,20251205,4,Usability,Positive,2025-12-05 11:11
FB002749,REQ005149,20260426,4,Outcome,Positive,2026-04-26 12:58
FB002750,REQ003300,20260204,3,Wait Time,Neutral,2026-02-04 04:59
FB002751,REQ005844,20260426,4,Staff Support,Positive,2026-04-26 16:51
FB002752,REQ000588,20260423,2,Outcome,Negative,2026-04-23 14:32
FB002753,REQ008975,20260329,3,Clarity,Neutral,2026-03-29 07:49
FB002754,REQ005032,20250720,3,Clarity,Neutral,2025-07-20 20:35
FB002755,REQ008027,20250702,1,Wait Time,Negative,2025-07-02 07:26
FB002756,REQ006124,20250927,5,Outcome,Positive,2025-09-27 16:31
FB002757,REQ009843,20260428,3,Wait Time,Neutral,2026-04-28 17:50
FB002758,REQ005202,20251106,3,Usability,Neutral,2025-11-06 16:09
FB002759,REQ000926,20250624,3,Wait Time,Neutral,2025-06-24 02:28
FB002760,REQ009529,20260224,5,Wait Time,Positive,2026-02-24 23:59
FB002761,REQ001280,20251102,1,Staff Support,Negative,2025-11-02 15:06
FB002762,REQ008425,20260203,4,Usability,Positive,2026-02-03 12:06
FB002763,REQ001257,20260108,5,Usability,Positive,2026-01-08 09:25
FB002764,REQ008448,20251011,5,Clarity,Positive,2025-10-11 17:35
FB002765,REQ008067,20250627,5,Clarity,Positive,2025-06-27 03:58
FB002766,REQ000104,20251102,5,Wait Time,Positive,2025-11-02 19:02
FB002767,REQ008950,20251106,4,Wait Time,Positive,2025-11-06 19:55
FB002768,REQ002339,20250717,3,Outcome,Neutral,2025-07-17 02:37
FB002769,REQ002757,20251109,3,Usability,Neutral,2025-11-09 21:05
FB002770,REQ004578,20260412,5,Wait Time,Positive,2026-04-12 12:30
FB002771,REQ004251,20251111,3,Wait Time,Neutral,2025-11-11 03:34
FB002772,REQ001613,20260227,4,Clarity,Positive,2026-02-27 22:56
FB002773,REQ004328,20260206,4,Outcome,Positive,2026-02-06 22:29
FB002774,REQ004033,20260331,2,Outcome,Negative,2026-03-31 13:50
FB002775,REQ007272,20250720,3,Staff Support,Neutral,2025-07-20 16:41
FB002776,REQ000967,20250928,3,Wait Time,Neutral,2025-09-28 03:22
FB002777,REQ007251,20260206,4,Wait Time,Positive,2026-02-06 09:55
FB002778,REQ006414,20251019,2,Wait Time,Negative,2025-10-19 09:48
FB002779,REQ006473,20260406,1,Outcome,Negative,2026-04-06 06:03
FB002780,REQ004415,20250919,4,Wait Time,Positive,2025-09-19 09:31
FB002781,REQ004644,20251115,1,Staff Support,Negative,2025-11-15 13:34
FB002782,REQ009022,20250728,3,Wait Time,Neutral,2025-07-28 19:15
FB002783,REQ007793,20260409,4,Clarity,Positive,2026-04-09 05:26
FB002784,REQ008268,20250803,4,Outcome,Positive,2025-08-03 22:09
FB002785,REQ005899,20250616,5,Usability,Positive,2025-06-16 20:53
FB002786,REQ002771,20260422,3,Wait Time,Neutral,2026-04-22 19:07
FB002787,REQ002216,20251220,2,Clarity,Negative,2025-12-20 12:40
FB002788,REQ008668,20250721,3,Wait Time,Neutral,2025-07-21 23:01
FB002789,REQ001186,20251105,1,Outcome,Negative,2025-11-05 01:29
FB002790,REQ009652,20260512,4,Wait Time,Positive,2026-05-12 03:28
FB002791,REQ001404,20260321,4,Outcome,Positive,2026-03-21 21:55
FB002792,REQ006255,20260124,4,Outcome,Positive,2026-01-24 06:50
FB002793,REQ000482,20251024,4,Usability,Positive,2025-10-24 15:17
FB002794,REQ007632,20260403,5,Usability,Positive,2026-04-03 00:52
FB002795,REQ005620,20260331,3,Usability,Neutral,2026-03-31 23:51
FB002796,REQ007340,20260224,2,Outcome,Negative,2026-02-24 16:42
FB002797,REQ007595,20250709,1,Outcome,Negative,2025-07-09 06:47
FB002798,REQ005998,20260121,5,Staff Support,Positive,2026-01-21 22:10
FB002799,REQ008375,20260320,3,Outcome,Neutral,2026-03-20 21:52
FB002800,REQ002693,20250806,4,Wait Time,Positive,2025-08-06 23:31
FB002801,REQ001861,20250605,4,Staff Support,Positive,2025-06-05 23:01
FB002802,REQ004165,20260528,4,Clarity,Positive,2026-05-28 01:14
FB002803,REQ008982,20251225,5,Wait Time,Positive,2025-12-25 14:45
FB002804,REQ009365,20251207,2,Staff Support,Negative,2025-12-07 21:57
FB002805,REQ009942,20250701,4,Clarity,Positive,2025-07-01 14:04
FB002806,REQ009196,20250828,2,Clarity,Negative,2025-08-28 14:03
FB002807,REQ003872,20250901,5,Wait Time,Positive,2025-09-01 16:33
FB002808,REQ007153,20251126,3,Usability,Neutral,2025-11-26 18:09
FB002809,REQ007167,20250823,3,Clarity,Neutral,2025-08-23 02:59
FB002810,REQ007063,20250630,5,Staff Support,Positive,2025-06-30 03:00
FB002811,REQ004645,20260302,4,Staff Support,Positive,2026-03-02 05:01
FB002812,REQ004683,20251120,4,Staff Support,Positive,2025-11-20 07:25
FB002813,REQ001835,20260117,4,Outcome,Positive,2026-01-17 19:36
FB002814,REQ002545,20251108,4,Outcome,Positive,2025-11-08 19:40
FB002815,REQ007327,20260123,3,Wait Time,Neutral,2026-01-23 15:24
FB002816,REQ008007,20250801,5,Outcome,Positive,2025-08-01 04:13
FB002817,REQ005087,20260420,4,Wait Time,Positive,2026-04-20 17:51
FB002818,REQ001426,20260510,2,Outcome,Negative,2026-05-10 13:07
FB002819,REQ006061,20260508,1,Staff Support,Negative,2026-05-08 23:29
FB002820,REQ002427,20250627,1,Clarity,Negative,2025-06-27 03:56
FB002821,REQ008855,20260418,2,Staff Support,Negative,2026-04-18 05:27
FB002822,REQ001028,20260111,2,Outcome,Negative,2026-01-11 01:54
FB002823,REQ001819,20251206,2,Usability,Negative,2025-12-06 14:50
FB002824,REQ003328,20260428,5,Wait Time,Positive,2026-04-28 05:41
FB002825,REQ001150,20251202,3,Clarity,Neutral,2025-12-02 20:51
FB002826,REQ008747,20260205,4,Outcome,Positive,2026-02-05 17:03
FB002827,REQ007857,20251224,1,Staff Support,Negative,2025-12-24 13:01
FB002828,REQ005114,20251015,3,Outcome,Neutral,2025-10-15 04:59
FB002829,REQ008354,20260308,4,Outcome,Positive,2026-03-08 01:25
FB002830,REQ009662,20250915,3,Usability,Neutral,2025-09-15 00:23
FB002831,REQ005903,20251220,4,Wait Time,Positive,2025-12-20 14:52
FB002832,REQ001097,20251217,4,Wait Time,Positive,2025-12-17 22:45
FB002833,REQ004374,20251125,4,Clarity,Positive,2025-11-25 11:24
FB002834,REQ009279,20260104,3,Staff Support,Neutral,2026-01-04 11:31
FB002835,REQ000182,20251031,4,Clarity,Positive,2025-10-31 02:41
FB002836,REQ005642,20250718,3,Outcome,Neutral,2025-07-18 05:34
FB002837,REQ006665,20251115,2,Outcome,Negative,2025-11-15 02:39
FB002838,REQ004983,20251218,2,Wait Time,Negative,2025-12-18 10:25
FB002839,REQ009389,20250818,4,Outcome,Positive,2025-08-18 00:04
FB002840,REQ005311,20251116,5,Staff Support,Positive,2025-11-16 02:17
FB002841,REQ004215,20260303,3,Outcome,Neutral,2026-03-03 10:14
FB002842,REQ009016,20251002,4,Wait Time,Positive,2025-10-02 19:00
FB002843,REQ000406,20250613,1,Wait Time,Negative,2025-06-13 08:23
FB002844,REQ002004,20250820,3,Clarity,Neutral,2025-08-20 17:09
FB002845,REQ007443,20250805,5,Usability,Positive,2025-08-05 22:17
FB002846,REQ005323,20260314,3,Staff Support,Neutral,2026-03-14 14:29
FB002847,REQ003462,20260227,3,Staff Support,Neutral,2026-02-27 16:14
FB002848,REQ007855,20251007,4,Usability,Positive,2025-10-07 10:13
FB002849,REQ005959,20251003,4,Usability,Positive,2025-10-03 19:42
FB002850,REQ005459,20260111,4,Clarity,Positive,2026-01-11 11:36
FB002851,REQ005107,20250627,3,Wait Time,Neutral,2025-06-27 15:36
FB002852,REQ006645,20260501,5,Usability,Positive,2026-05-01 12:18
FB002853,REQ006555,20250614,4,Wait Time,Positive,2025-06-14 19:25
FB002854,REQ003824,20260210,3,Staff Support,Neutral,2026-02-10 18:26
FB002855,REQ005775,20260213,3,Wait Time,Neutral,2026-02-13 13:35
FB002856,REQ002602,20260316,3,Wait Time,Neutral,2026-03-16 10:50
FB002857,REQ000346,20250831,5,Outcome,Positive,2025-08-31 07:04
FB002858,REQ007876,20250817,4,Outcome,Positive,2025-08-17 07:23
FB002859,REQ000294,20260309,3,Clarity,Neutral,2026-03-09 01:10
FB002860,REQ000159,20260428,4,Outcome,Positive,2026-04-28 06:33
FB002861,REQ005689,20250703,4,Wait Time,Positive,2025-07-03 22:47
FB002862,REQ008520,20250825,3,Wait Time,Neutral,2025-08-25 11:18
FB002863,REQ002355,20250930,3,Usability,Neutral,2025-09-30 15:55
FB002864,REQ004055,20260520,3,Usability,Neutral,2026-05-20 18:00
FB002865,REQ004026,20250831,4,Outcome,Positive,2025-08-31 08:05
FB002866,REQ004340,20250919,4,Wait Time,Positive,2025-09-19 22:29
FB002867,REQ000736,20260507,5,Wait Time,Positive,2026-05-07 18:35
FB002868,REQ008597,20251211,5,Wait Time,Positive,2025-12-11 02:54
FB002869,REQ008318,20250621,4,Outcome,Positive,2025-06-21 18:38
FB002870,REQ000657,20250914,5,Usability,Positive,2025-09-14 01:27
FB002871,REQ000488,20250706,3,Wait Time,Neutral,2025-07-06 20:19
FB002872,REQ007641,20250818,3,Wait Time,Neutral,2025-08-18 04:35
FB002873,REQ005013,20250824,3,Wait Time,Neutral,2025-08-24 15:06
FB002874,REQ002128,20260416,3,Usability,Neutral,2026-04-16 00:04
FB002875,REQ005840,20260401,4,Outcome,Positive,2026-04-01 10:53
FB002876,REQ004772,20260125,5,Wait Time,Positive,2026-01-25 07:39
FB002877,REQ009441,20250912,5,Clarity,Positive,2025-09-12 09:15
FB002878,REQ000628,20250818,4,Usability,Positive,2025-08-18 20:06
FB002879,REQ000111,20250613,5,Usability,Positive,2025-06-13 11:44
FB002880,REQ007015,20260502,5,Outcome,Positive,2026-05-02 20:54
FB002881,REQ006638,20260404,5,Wait Time,Positive,2026-04-04 14:23
FB002882,REQ002645,20260323,4,Outcome,Positive,2026-03-23 15:28
FB002883,REQ004538,20250701,2,Staff Support,Negative,2025-07-01 23:52
FB002884,REQ006626,20250731,3,Usability,Neutral,2025-07-31 21:48
FB002885,REQ005290,20250727,5,Wait Time,Positive,2025-07-27 08:09
FB002886,REQ001589,20251004,4,Wait Time,Positive,2025-10-04 19:47
FB002887,REQ004555,20250706,3,Wait Time,Neutral,2025-07-06 19:51
FB002888,REQ009276,20251201,4,Staff Support,Positive,2025-12-01 21:13
FB002889,REQ008701,20251020,2,Outcome,Negative,2025-10-20 19:15
FB002890,REQ003511,20250713,5,Staff Support,Positive,2025-07-13 22:03
FB002891,REQ003634,20260314,3,Wait Time,Neutral,2026-03-14 09:19
FB002892,REQ001898,20250628,3,Wait Time,Neutral,2025-06-28 04:13
FB002893,REQ001764,20250718,4,Wait Time,Positive,2025-07-18 21:29
FB002894,REQ005225,20260115,3,Outcome,Neutral,2026-01-15 19:59
FB002895,REQ002192,20250927,3,Staff Support,Neutral,2025-09-27 14:08
FB002896,REQ000622,20260210,3,Wait Time,Neutral,2026-02-10 09:21
FB002897,REQ001578,20250810,4,Staff Support,Positive,2025-08-10 14:12
FB002898,REQ004793,20250704,3,Outcome,Neutral,2025-07-04 17:38
FB002899,REQ005766,20260522,5,Clarity,Positive,2026-05-22 12:07
FB002900,REQ003360,20251202,4,Wait Time,Positive,2025-12-02 06:01
FB002901,REQ009005,20260116,5,Wait Time,Positive,2026-01-16 02:04
FB002902,REQ002613,20250910,4,Staff Support,Positive,2025-09-10 06:36
FB002903,REQ007084,20260401,4,Outcome,Positive,2026-04-01 14:36
FB002904,REQ002007,20260203,4,Staff Support,Positive,2026-02-03 17:45
FB002905,REQ002591,20251121,3,Staff Support,Neutral,2025-11-21 09:17
FB002906,REQ006250,20260531,4,Wait Time,Positive,2026-05-31 17:19
FB002907,REQ004361,20260331,4,Clarity,Positive,2026-03-31 05:46
FB002908,REQ000531,20251209,4,Outcome,Positive,2025-12-09 11:56
FB002909,REQ003242,20260318,4,Outcome,Positive,2026-03-18 23:03
FB002910,REQ006978,20260111,5,Staff Support,Positive,2026-01-11 06:52
FB002911,REQ003548,20250624,3,Clarity,Neutral,2025-06-24 07:15
FB002912,REQ009240,20260524,2,Outcome,Negative,2026-05-24 11:20
FB002913,REQ003459,20250829,5,Clarity,Positive,2025-08-29 15:56
FB002914,REQ004143,20260326,4,Clarity,Positive,2026-03-26 15:35
FB002915,REQ000886,20260221,3,Usability,Neutral,2026-02-21 09:34
FB002916,REQ001263,20260120,4,Usability,Positive,2026-01-20 01:24
FB002917,REQ008484,20260319,3,Outcome,Neutral,2026-03-19 16:57
FB002918,REQ003361,20250822,3,Wait Time,Neutral,2025-08-22 00:50
FB002919,REQ003163,20250827,5,Clarity,Positive,2025-08-27 07:49
FB002920,REQ004931,20250926,3,Clarity,Neutral,2025-09-26 09:29
FB002921,REQ003114,20260131,3,Wait Time,Neutral,2026-01-31 22:13
FB002922,REQ006741,20250622,3,Wait Time,Neutral,2025-06-22 04:39
FB002923,REQ006423,20251103,4,Outcome,Positive,2025-11-03 06:04
FB002924,REQ001016,20250816,4,Usability,Positive,2025-08-16 14:59
FB002925,REQ007458,20260522,1,Wait Time,Negative,2026-05-22 04:26
FB002926,REQ005565,20260108,4,Wait Time,Positive,2026-01-08 11:51
FB002927,REQ009412,20260510,4,Outcome,Positive,2026-05-10 12:53
FB002928,REQ000471,20260330,3,Outcome,Neutral,2026-03-30 00:43
FB002929,REQ009131,20250810,3,Staff Support,Neutral,2025-08-10 12:44
FB002930,REQ008267,20260428,3,Clarity,Neutral,2026-04-28 09:01
FB002931,REQ006762,20251226,5,Wait Time,Positive,2025-12-26 00:08
FB002932,REQ001384,20260307,4,Usability,Positive,2026-03-07 23:13
FB002933,REQ000351,20251002,3,Staff Support,Neutral,2025-10-02 22:38
FB002934,REQ001825,20260411,1,Wait Time,Negative,2026-04-11 20:37
FB002935,REQ001085,20251026,3,Staff Support,Neutral,2025-10-26 21:25
FB002936,REQ006416,20260314,5,Usability,Positive,2026-03-14 05:50
FB002937,REQ006131,20251224,4,Wait Time,Positive,2025-12-24 22:59
FB002938,REQ005852,20250723,3,Usability,Neutral,2025-07-23 17:14
FB002939,REQ000680,20251004,5,Clarity,Positive,2025-10-04 07:11
FB002940,REQ001484,20260111,5,Clarity,Positive,2026-01-11 20:05
FB002941,REQ006766,20251015,4,Usability,Positive,2025-10-15 00:19
FB002942,REQ006559,20250702,5,Staff Support,Positive,2025-07-02 15:52
FB002943,REQ000720,20251203,4,Clarity,Positive,2025-12-03 03:07
FB002944,REQ008236,20260311,4,Wait Time,Positive,2026-03-11 05:11
FB002945,REQ009853,20250623,2,Clarity,Negative,2025-06-23 13:30
FB002946,REQ004722,20260305,2,Outcome,Negative,2026-03-05 07:32
FB002947,REQ007408,20260127,5,Staff Support,Positive,2026-01-27 01:14
FB002948,REQ001551,20251113,3,Usability,Neutral,2025-11-13 17:22
FB002949,REQ000496,20250614,3,Wait Time,Neutral,2025-06-14 22:34
FB002950,REQ002157,20250902,5,Outcome,Positive,2025-09-02 07:44
FB002951,REQ007514,20260111,3,Clarity,Neutral,2026-01-11 10:57
FB002952,REQ002453,20260414,4,Usability,Positive,2026-04-14 13:23
FB002953,REQ000882,20260328,4,Wait Time,Positive,2026-03-28 03:51
FB002954,REQ001163,20250802,5,Staff Support,Positive,2025-08-02 20:36
FB002955,REQ003901,20251230,1,Wait Time,Negative,2025-12-30 23:58
FB002956,REQ009251,20260409,4,Outcome,Positive,2026-04-09 13:08
FB002957,REQ008488,20260315,5,Wait Time,Positive,2026-03-15 07:44
FB002958,REQ004370,20260503,3,Outcome,Neutral,2026-05-03 19:02
FB002959,REQ008212,20260218,3,Staff Support,Neutral,2026-02-18 04:53
FB002960,REQ008906,20260307,4,Clarity,Positive,2026-03-07 18:23
FB002961,REQ006456,20260512,3,Staff Support,Neutral,2026-05-12 11:28
FB002962,REQ001310,20260204,4,Wait Time,Positive,2026-02-04 12:34
FB002963,REQ003204,20251103,3,Usability,Neutral,2025-11-03 19:05
FB002964,REQ001176,20250915,5,Clarity,Positive,2025-09-15 13:30
FB002965,REQ006296,20260107,3,Usability,Neutral,2026-01-07 16:21
FB002966,REQ008490,20251025,4,Clarity,Positive,2025-10-25 22:10
FB002967,REQ006577,20250831,5,Staff Support,Positive,2025-08-31 11:45
FB002968,REQ001626,20251203,3,Wait Time,Neutral,2025-12-03 22:56
FB002969,REQ000109,20260210,4,Staff Support,Positive,2026-02-10 02:10
FB002970,REQ001175,20250605,5,Usability,Positive,2025-06-05 08:35
FB002971,REQ000051,20251017,4,Usability,Positive,2025-10-17 00:49
FB002972,REQ001513,20251010,4,Wait Time,Positive,2025-10-10 12:20
FB002973,REQ006331,20250928,4,Staff Support,Positive,2025-09-28 01:50
FB002974,REQ008549,20251109,3,Staff Support,Neutral,2025-11-09 12:45
FB002975,REQ008796,20250710,5,Wait Time,Positive,2025-07-10 15:25
FB002976,REQ004476,20251025,5,Wait Time,Positive,2025-10-25 22:21
FB002977,REQ000316,20250709,3,Wait Time,Neutral,2025-07-09 10:29
FB002978,REQ007720,20260122,2,Staff Support,Negative,2026-01-22 03:29
FB002979,REQ007497,20250727,4,Usability,Positive,2025-07-27 03:46
FB002980,REQ005235,20250630,4,Clarity,Positive,2025-06-30 22:53
FB002981,REQ008675,20260305,4,Outcome,Positive,2026-03-05 03:34
FB002982,REQ005170,20251203,5,Staff Support,Positive,2025-12-03 17:53
FB002983,REQ000340,20251129,3,Outcome,Neutral,2025-11-29 20:13
FB002984,REQ007025,20251008,3,Staff Support,Neutral,2025-10-08 01:23
FB002985,REQ008993,20250726,5,Usability,Positive,2025-07-26 08:35
FB002986,REQ002214,20260120,4,Usability,Positive,2026-01-20 04:16
FB002987,REQ003421,20250802,5,Usability,Positive,2025-08-02 20:50
FB002988,REQ002612,20260404,2,Outcome,Negative,2026-04-04 02:55
FB002989,REQ002360,20250616,2,Outcome,Negative,2025-06-16 00:42
FB002990,REQ003460,20250714,4,Clarity,Positive,2025-07-14 04:42
FB002991,REQ006775,20251124,3,Wait Time,Neutral,2025-11-24 04:14
FB002992,REQ001103,20260410,4,Outcome,Positive,2026-04-10 13:58
FB002993,REQ004864,20250720,1,Outcome,Negative,2025-07-20 03:17
FB002994,REQ009831,20251027,2,Staff Support,Negative,2025-10-27 13:16
FB002995,REQ005855,20251214,2,Outcome,Negative,2025-12-14 23:33
FB002996,REQ003712,20251021,5,Staff Support,Positive,2025-10-21 09:28
FB002997,REQ005403,20251122,1,Outcome,Negative,2025-11-22 20:14
FB002998,REQ001863,20251009,4,Usability,Positive,2025-10-09 10:00
FB002999,REQ000037,20251017,3,Usability,Neutral,2025-10-17 10:35
FB003000,REQ002779,20260501,3,Wait Time,Neutral,2026-05-01 17:54
